date,source,catTL,value
1999-01-01,Farmed,High,0.10902959654904461
1999-01-01,Farmed,Low,0.1306813349706224
1999-01-01,Mixed,Low,0.7106806644296189
1999-01-01,Mixed,Medium,0.534430005069518
1999-01-01,Wild,High,0.7235364232766696
1999-01-01,Wild,Low,0.02214094696160901
1999-01-01,Wild,Medium,0.12738819961405953
1999-02-01,Farmed,High,0.08910587702271043
1999-02-01,Farmed,Low,0.11893581886554834
1999-02-01,Mixed,Low,0.5451264295001192
1999-02-01,Mixed,Medium,0.45296700900827935
1999-02-01,Wild,High,0.6454846041818068
1999-02-01,Wild,Low,0.02054776115782896
1999-02-01,Wild,Medium,0.12603184888729257
1999-03-01,Farmed,High,0.1089874925353534
1999-03-01,Farmed,Low,0.12174826673246979
1999-03-01,Mixed,Low,0.6247373501972027
1999-03-01,Mixed,Medium,0.5327460951409986
1999-03-01,Wild,High,0.7663063319939407
1999-03-01,Wild,Low,0.02431957905100023
1999-03-01,Wild,Medium,0.1607731738033848
1999-04-01,Farmed,High,0.07822148824527335
1999-04-01,Farmed,Low,0.09102311336043538
1999-04-01,Mixed,Low,0.5099016602839654
1999-04-01,Mixed,Medium,0.43858698461795503
1999-04-01,Wild,High,0.6541199368945714
1999-04-01,Wild,Low,0.02463059739023116
1999-04-01,Wild,Medium,0.1414807638632897
1999-05-01,Farmed,High,0.10283579539211207
1999-05-01,Farmed,Low,0.08827632770534186
1999-05-01,Mixed,Low,0.5407120241598987
1999-05-01,Mixed,Medium,0.472790982121226
1999-05-01,Wild,High,0.7173072848225319
1999-05-01,Wild,Low,0.02504863009759393
1999-05-01,Wild,Medium,0.14109430916619534
1999-06-01,Farmed,High,0.08736908645794784
1999-06-01,Farmed,Low,0.08165471969501109
1999-06-01,Mixed,Low,0.5023798283618559
1999-06-01,Mixed,Medium,0.42575954573249425
1999-06-01,Wild,High,0.7345844663454184
1999-06-01,Wild,Low,0.02666863214818922
1999-06-01,Wild,Medium,0.12649148437008834
1999-07-01,Farmed,High,0.08831642676600016
1999-07-01,Farmed,Low,0.10789228694112361
1999-07-01,Mixed,Low,0.6050750264225349
1999-07-01,Mixed,Medium,0.46883220235773543
1999-07-01,Wild,High,0.7887252155697375
1999-07-01,Wild,Low,0.02610047858248694
1999-07-01,Wild,Medium,0.13880264784957352
1999-08-01,Farmed,High,0.06796164233758926
1999-08-01,Farmed,Low,0.09235515403167824
1999-08-01,Mixed,Low,0.5043687417705075
1999-08-01,Mixed,Medium,0.38253376081936413
1999-08-01,Wild,High,0.6719279297329221
1999-08-01,Wild,Low,0.0225785279610427
1999-08-01,Wild,Medium,0.11043682295902178
1999-09-01,Farmed,High,0.08536463466329111
1999-09-01,Farmed,Low,0.1048104235104042
1999-09-01,Mixed,Low,0.6067614425423453
1999-09-01,Mixed,Medium,0.4758793616493024
1999-09-01,Wild,High,0.7673100616060436
1999-09-01,Wild,Low,0.02559472917993414
1999-09-01,Wild,Medium,0.13688115098665363
1999-10-01,Farmed,High,0.1009353505360378
1999-10-01,Farmed,Low,0.12333919696408782
1999-10-01,Mixed,Low,0.6893489666359203
1999-10-01,Mixed,Medium,0.5252280225058257
1999-10-01,Wild,High,0.7788405464983377
1999-10-01,Wild,Low,0.02643380202420906
1999-10-01,Wild,Medium,0.1465635704208582
1999-11-01,Farmed,High,0.09514955732130347
1999-11-01,Farmed,Low,0.10228518516544784
1999-11-01,Mixed,Low,0.6590992377518158
1999-11-01,Mixed,Medium,0.5300018156771962
1999-11-01,Wild,High,0.7017393257602055
1999-11-01,Wild,Low,0.02230685682508272
1999-11-01,Wild,Medium,0.11957214083436969
1999-12-01,Farmed,High,0.12069316019889827
1999-12-01,Farmed,Low,0.17701279213173773
1999-12-01,Mixed,Low,1.3067549554491402
1999-12-01,Mixed,Medium,0.836568908555929
1999-12-01,Wild,High,0.7193603567282368
1999-12-01,Wild,Low,0.01969440302319453
1999-12-01,Wild,Medium,0.11758573361700919
2000-01-01,Farmed,High,0.10121754103519442
2000-01-01,Farmed,Low,0.10859133309835589
2000-01-01,Mixed,Low,0.7088383139511477
2000-01-01,Mixed,Medium,0.5607612093684902
2000-01-01,Wild,High,0.6167305824823194
2000-01-01,Wild,Low,0.01876850154365538
2000-01-01,Wild,Medium,0.10936215168085987
2000-02-01,Farmed,High,0.09010484440807394
2000-02-01,Farmed,Low,0.11352680628314239
2000-02-01,Mixed,Low,0.5894068635504988
2000-02-01,Mixed,Medium,0.518035765580911
2000-02-01,Wild,High,0.6538485383015893
2000-02-01,Wild,Low,0.01961031984100516
2000-02-01,Wild,Medium,0.12652620861945138
2000-03-01,Farmed,High,0.0972693610879662
2000-03-01,Farmed,Low,0.12152892099761385
2000-03-01,Mixed,Low,0.6797525111872454
2000-03-01,Mixed,Medium,0.5798253775568355
2000-03-01,Wild,High,0.7311220461319228
2000-03-01,Wild,Low,0.02431814708693298
2000-03-01,Wild,Medium,0.16282717121649246
2000-04-01,Farmed,High,0.08820200240005681
2000-04-01,Farmed,Low,0.10634143654014856
2000-04-01,Mixed,Low,0.6517667075019505
2000-04-01,Mixed,Medium,0.5874814307241216
2000-04-01,Wild,High,0.7197985846170258
2000-04-01,Wild,Low,0.02254414721879333
2000-04-01,Wild,Medium,0.15769930369951898
2000-05-01,Farmed,High,0.092710732543515
2000-05-01,Farmed,Low,0.08445937407482967
2000-05-01,Mixed,Low,0.5886814748554661
2000-05-01,Mixed,Medium,0.5167113478232108
2000-05-01,Wild,High,0.7047620366162956
2000-05-01,Wild,Low,0.02346168199526187
2000-05-01,Wild,Medium,0.13115807113550923
2000-06-01,Farmed,High,0.08743515582957218
2000-06-01,Farmed,Low,0.08688081190212242
2000-06-01,Mixed,Low,0.5747620552351764
2000-06-01,Mixed,Medium,0.4983368202217242
2000-06-01,Wild,High,0.7544270819031718
2000-06-01,Wild,Low,0.02669564453126174
2000-06-01,Wild,Medium,0.11732280851987946
2000-07-01,Farmed,High,0.09074955160896375
2000-07-01,Farmed,Low,0.09312208403826834
2000-07-01,Mixed,Low,0.5683671158840321
2000-07-01,Mixed,Medium,0.4730115198371362
2000-07-01,Wild,High,0.7784999572479101
2000-07-01,Wild,Low,0.02784603851236434
2000-07-01,Wild,Medium,0.09677012882728485
2000-08-01,Farmed,High,0.0673181562053494
2000-08-01,Farmed,Low,0.09625178125876044
2000-08-01,Mixed,Low,0.5735361930257062
2000-08-01,Mixed,Medium,0.45727093270597724
2000-08-01,Wild,High,0.7174133913994096
2000-08-01,Wild,Low,0.0200214230850073
2000-08-01,Wild,Medium,0.0970605822061994
2000-09-01,Farmed,High,0.09349917692935485
2000-09-01,Farmed,Low,0.10852132638651495
2000-09-01,Mixed,Low,0.6206204235030135
2000-09-01,Mixed,Medium,0.5114705262144373
2000-09-01,Wild,High,0.8182359654894305
2000-09-01,Wild,Low,0.0227442373242678
2000-09-01,Wild,Medium,0.11451931278647601
2000-10-01,Farmed,High,0.11887263795967735
2000-10-01,Farmed,Low,0.11904566873327005
2000-10-01,Mixed,Low,0.6906750477389398
2000-10-01,Mixed,Medium,0.531241960792977
2000-10-01,Wild,High,0.8010786113211216
2000-10-01,Wild,Low,0.02655414160307261
2000-10-01,Wild,Medium,0.11619599836014172
2000-11-01,Farmed,High,0.10271772032475052
2000-11-01,Farmed,Low,0.10532807697371335
2000-11-01,Mixed,Low,0.6572274792762952
2000-11-01,Mixed,Medium,0.5805045916121434
2000-11-01,Wild,High,0.6725989175404065
2000-11-01,Wild,Low,0.02116834155559296
2000-11-01,Wild,Medium,0.1054708211556585
2000-12-01,Farmed,High,0.13853310445242673
2000-12-01,Farmed,Low,0.17721032324004055
2000-12-01,Mixed,Low,1.3360140467905866
2000-12-01,Mixed,Medium,0.9580259634952285
2000-12-01,Wild,High,0.6924465650995675
2000-12-01,Wild,Low,0.01832760820950817
2000-12-01,Wild,Medium,0.09741632553268195
2001-01-01,Farmed,High,0.12414355432082018
2001-01-01,Farmed,Low,0.1021546662007355
2001-01-01,Mixed,Low,0.7558141444819557
2001-01-01,Mixed,Medium,0.598697509959494
2001-01-01,Wild,High,0.7102795497257289
2001-01-01,Wild,Low,0.01965736588039119
2001-01-01,Wild,Medium,0.11453288032071035
2001-02-01,Farmed,High,0.10592220653529426
2001-02-01,Farmed,Low,0.09099581993148398
2001-02-01,Mixed,Low,0.6847447122277506
2001-02-01,Mixed,Medium,0.5908543758645556
2001-02-01,Wild,High,0.7324038133689491
2001-02-01,Wild,Low,0.01940662471983928
2001-02-01,Wild,Medium,0.12145753595758776
2001-03-01,Farmed,High,0.11071568582529352
2001-03-01,Farmed,Low,0.10521790796511349
2001-03-01,Mixed,Low,0.7676844533545466
2001-03-01,Mixed,Medium,0.6830478245116608
2001-03-01,Wild,High,0.8356987960200369
2001-03-01,Wild,Low,0.02598370123071024
2001-03-01,Wild,Medium,0.1690897102155349
2001-04-01,Farmed,High,0.10380140568471483
2001-04-01,Farmed,Low,0.10033722509907993
2001-04-01,Mixed,Low,0.7478440340751712
2001-04-01,Mixed,Medium,0.6701251438716305
2001-04-01,Wild,High,0.8281627272084148
2001-04-01,Wild,Low,0.02293997528079884
2001-04-01,Wild,Medium,0.14466826228465743
2001-05-01,Farmed,High,0.11076731627116086
2001-05-01,Farmed,Low,0.07948667714433827
2001-05-01,Mixed,Low,0.6736592355394684
2001-05-01,Mixed,Medium,0.599511986418942
2001-05-01,Wild,High,0.7592849950294969
2001-05-01,Wild,Low,0.02327446151861882
2001-05-01,Wild,Medium,0.12559439455325502
2001-06-01,Farmed,High,0.10366627719720557
2001-06-01,Farmed,Low,0.08445505765765847
2001-06-01,Mixed,Low,0.6123417816635364
2001-06-01,Mixed,Medium,0.5737938484863532
2001-06-01,Wild,High,0.801183966475534
2001-06-01,Wild,Low,0.02438636887196281
2001-06-01,Wild,Medium,0.12193925542859882
2001-07-01,Farmed,High,0.09620061353903882
2001-07-01,Farmed,Low,0.0965113843567475
2001-07-01,Mixed,Low,0.5966908395682002
2001-07-01,Mixed,Medium,0.552338557318773
2001-07-01,Wild,High,0.7254737229482962
2001-07-01,Wild,Low,0.02448147758803422
2001-07-01,Wild,Medium,0.1169076337949818
2001-08-01,Farmed,High,0.07985228987105435
2001-08-01,Farmed,Low,0.088064248155849
2001-08-01,Mixed,Low,0.5423667172332179
2001-08-01,Mixed,Medium,0.5174074727441913
2001-08-01,Wild,High,0.6652568127869048
2001-08-01,Wild,Low,0.02260227757983878
2001-08-01,Wild,Medium,0.10465516080872209
2001-09-01,Farmed,High,0.11304547881560394
2001-09-01,Farmed,Low,0.13218999873608797
2001-09-01,Mixed,Low,0.6779087423806643
2001-09-01,Mixed,Medium,0.6232239480314893
2001-09-01,Wild,High,0.7282195239330592
2001-09-01,Wild,Low,0.02485005474226422
2001-09-01,Wild,Medium,0.12414849503334337
2001-10-01,Farmed,High,0.13949360702349406
2001-10-01,Farmed,Low,0.16740443317387468
2001-10-01,Mixed,Low,0.8447993414521273
2001-10-01,Mixed,Medium,0.7525312880459218
2001-10-01,Wild,High,0.855210410880994
2001-10-01,Wild,Low,0.02302668478558083
2001-10-01,Wild,Medium,0.13545926821268298
2001-11-01,Farmed,High,0.14473422079684203
2001-11-01,Farmed,Low,0.1350808096334066
2001-11-01,Mixed,Low,0.7600453706868159
2001-11-01,Mixed,Medium,0.7269984268329528
2001-11-01,Wild,High,0.6830389312291191
2001-11-01,Wild,Low,0.02129422393932414
2001-11-01,Wild,Medium,0.10395357963042906
2001-12-01,Farmed,High,0.14012181862081774
2001-12-01,Farmed,Low,0.18170137300223052
2001-12-01,Mixed,Low,1.3675319141538131
2001-12-01,Mixed,Medium,1.0689666326624312
2001-12-01,Wild,High,0.6944665522596322
2001-12-01,Wild,Low,0.01841749407269657
2001-12-01,Wild,Medium,0.10189256140138023
2002-01-01,Farmed,High,0.15706472446468406
2002-01-01,Farmed,Low,0.13006781181852256
2002-01-01,Farmed,Medium,0
2002-01-01,Mixed,Low,0.8007011504298782
2002-01-01,Mixed,Medium,0.731743066184111
2002-01-01,Wild,High,0.6929212909386993
2002-01-01,Wild,Low,0.02041765842048848
2002-01-01,Wild,Medium,0.10532812633977442
2002-02-01,Farmed,High,0.12233926981199403
2002-02-01,Farmed,Low,0.12690995717630238
2002-02-01,Farmed,Medium,0
2002-02-01,Mixed,Low,0.7111053023387202
2002-02-01,Mixed,Medium,0.6233130584684363
2002-02-01,Wild,High,0.7262570529882647
2002-02-01,Wild,Low,0.02123761781310921
2002-02-01,Wild,Medium,0.1253802374785691
2002-03-01,Farmed,High,0.12958745489091264
2002-03-01,Farmed,Low,0.1166106361220426
2002-03-01,Farmed,Medium,0
2002-03-01,Mixed,Low,0.7567031345361502
2002-03-01,Mixed,Medium,0.7790144695196508
2002-03-01,Wild,High,0.8517307662318079
2002-03-01,Wild,Low,0.02712452962108679
2002-03-01,Wild,Medium,0.15577460931010095
2002-04-01,Farmed,High,0.13049652064701336
2002-04-01,Farmed,Low,0.10223949916786552
2002-04-01,Farmed,Medium,0
2002-04-01,Mixed,Low,0.665261220875185
2002-04-01,Mixed,Medium,0.6871927992539352
2002-04-01,Wild,High,0.7988782514963841
2002-04-01,Wild,Low,0.02699392597675076
2002-04-01,Wild,Medium,0.143524705277233
2002-05-01,Farmed,High,0.16007579230292215
2002-05-01,Farmed,Low,0.08585435012370095
2002-05-01,Farmed,Medium,0
2002-05-01,Mixed,Low,0.6511993658062702
2002-05-01,Mixed,Medium,0.696168102782441
2002-05-01,Wild,High,0.8174870422452585
2002-05-01,Wild,Low,0.02731567472278576
2002-05-01,Wild,Medium,0.11419028124554338
2002-06-01,Farmed,High,0.11048985913586717
2002-06-01,Farmed,Low,0.08177240374006785
2002-06-01,Farmed,Medium,0
2002-06-01,Mixed,Low,0.6079472272041667
2002-06-01,Mixed,Medium,0.6526812205100445
2002-06-01,Wild,High,0.7950427188249123
2002-06-01,Wild,Low,0.02715911020092221
2002-06-01,Wild,Medium,0.09262190699560302
2002-07-01,Farmed,High,0.11563441790290369
2002-07-01,Farmed,Low,0.08007185407348323
2002-07-01,Farmed,Medium,0
2002-07-01,Mixed,Low,0.5545992076439624
2002-07-01,Mixed,Medium,0.6544276356527777
2002-07-01,Wild,High,0.7884997032621595
2002-07-01,Wild,Low,0.02987304784774053
2002-07-01,Wild,Medium,0.10820271180004928
2002-08-01,Farmed,High,0.10327106217929846
2002-08-01,Farmed,Low,0.09136206736810251
2002-08-01,Farmed,Medium,0
2002-08-01,Mixed,Low,0.5842555069830023
2002-08-01,Mixed,Medium,0.6177786397056857
2002-08-01,Wild,High,0.7367709474311392
2002-08-01,Wild,Low,0.02463641046960375
2002-08-01,Wild,Medium,0.08670083803897177
2002-09-01,Farmed,High,0.13700711480638753
2002-09-01,Farmed,Low,0.1006418572888329
2002-09-01,Farmed,Medium,0
2002-09-01,Mixed,Low,0.6369726025276319
2002-09-01,Mixed,Medium,0.6875252073428094
2002-09-01,Wild,High,0.7336939558902638
2002-09-01,Wild,Low,0.02506525220983597
2002-09-01,Wild,Medium,0.10238116380793369
2002-10-01,Farmed,High,0.16751189210230694
2002-10-01,Farmed,Low,0.09616417283995185
2002-10-01,Farmed,Medium,0
2002-10-01,Mixed,Low,0.7112731292830442
2002-10-01,Mixed,Medium,0.8237404851956502
2002-10-01,Wild,High,0.9094833931749937
2002-10-01,Wild,Low,0.02752611473611846
2002-10-01,Wild,Medium,0.1280079806047486
2002-11-01,Farmed,High,0.1542941768461226
2002-11-01,Farmed,Low,0.11735299736970238
2002-11-01,Farmed,Medium,0
2002-11-01,Mixed,Low,0.7510831306621998
2002-11-01,Mixed,Medium,0.809873164197594
2002-11-01,Wild,High,0.7332370082908493
2002-11-01,Wild,Low,0.02278690014925283
2002-11-01,Wild,Medium,0.09290638929652867
2002-12-01,Farmed,High,0.16690618725334072
2002-12-01,Farmed,Low,0.2267764964126611
2002-12-01,Farmed,Medium,0
2002-12-01,Mixed,Low,1.5145415400675843
2002-12-01,Mixed,Medium,1.2860999285234802
2002-12-01,Wild,High,0.791614941903216
2002-12-01,Wild,Low,0.02088461192763492
2002-12-01,Wild,Medium,0.09334470572326803
2003-01-01,Farmed,High,0.153090586957927
2003-01-01,Farmed,Low,0.143440329200191
2003-01-01,Farmed,Medium,0.03340959009000321
2003-01-01,Mixed,Low,0.7566210558377362
2003-01-01,Mixed,Medium,0.5825625196550641
2003-01-01,Wild,High,0.7156081587581619
2003-01-01,Wild,Low,0.02781647742629075
2003-01-01,Wild,Medium,0.12547255709368396
2003-02-01,Farmed,High,0.14206491659577067
2003-02-01,Farmed,Low,0.13558646941312819
2003-02-01,Farmed,Medium,0.07234283097104183
2003-02-01,Mixed,Low,0.7120980945713633
2003-02-01,Mixed,Medium,0.4962621918332333
2003-02-01,Wild,High,0.7395476064570315
2003-02-01,Wild,Low,0.030592434610802282
2003-02-01,Wild,Medium,0.1656480121247179
2003-03-01,Farmed,High,0.13863955019671415
2003-03-01,Farmed,Low,0.1309793861855471
2003-03-01,Farmed,Medium,0.07459351844506076
2003-03-01,Mixed,Low,0.7782527848490967
2003-03-01,Mixed,Medium,0.5988292986572867
2003-03-01,Wild,High,0.836016314335497
2003-03-01,Wild,Low,0.03950277174340123
2003-03-01,Wild,Medium,0.2206820161448257
2003-04-01,Farmed,High,0.15251164242633847
2003-04-01,Farmed,Low,0.10272128204561638
2003-04-01,Farmed,Medium,0.07736314228695895
2003-04-01,Mixed,Low,0.7812603779426815
2003-04-01,Mixed,Medium,0.6098990832015712
2003-04-01,Wild,High,0.8261109759572265
2003-04-01,Wild,Low,0.03947924575200418
2003-04-01,Wild,Medium,0.2065982599513115
2003-05-01,Farmed,High,0.14118487080028105
2003-05-01,Farmed,Low,0.09359754916707251
2003-05-01,Farmed,Medium,0.07058571438641967
2003-05-01,Mixed,Low,0.7582844533810459
2003-05-01,Mixed,Medium,0.5408289748112198
2003-05-01,Wild,High,0.8343179038701408
2003-05-01,Wild,Low,0.038350099086471606
2003-05-01,Wild,Medium,0.16150000025440137
2003-06-01,Farmed,High,0.15409440255996845
2003-06-01,Farmed,Low,0.077907720327739155
2003-06-01,Farmed,Medium,0.05746535847927971
2003-06-01,Mixed,Low,0.6181525286952754
2003-06-01,Mixed,Medium,0.47907963020618305
2003-06-01,Wild,High,0.7616417070888982
2003-06-01,Wild,Low,0.03918206352228163
2003-06-01,Wild,Medium,0.15000605574748382
2003-07-01,Farmed,High,0.15147392496100578
2003-07-01,Farmed,Low,0.08693216987438596
2003-07-01,Farmed,Medium,0.04958627041003959
2003-07-01,Mixed,Low,0.6730273708838779
2003-07-01,Mixed,Medium,0.5279391555854515
2003-07-01,Wild,High,0.8471168869583925
2003-07-01,Wild,Low,0.04026680631757419
2003-07-01,Wild,Medium,0.16961093448022344
2003-08-01,Farmed,High,0.12318785001122538
2003-08-01,Farmed,Low,0.08732148129796824
2003-08-01,Farmed,Medium,0.056942807842172025
2003-08-01,Mixed,Low,0.6936909063413002
2003-08-01,Mixed,Medium,0.49483314755915075
2003-08-01,Wild,High,0.7398725524027933
2003-08-01,Wild,Low,0.03048991848390398
2003-08-01,Wild,Medium,0.1367786457552858
2003-09-01,Farmed,High,0.1647708570093776
2003-09-01,Farmed,Low,0.10503736616379832
2003-09-01,Farmed,Medium,0.057313549260992955
2003-09-01,Mixed,Low,0.7402758444653227
2003-09-01,Mixed,Medium,0.5872672272381171
2003-09-01,Wild,High,0.7971287498111734
2003-09-01,Wild,Low,0.03332961049374405
2003-09-01,Wild,Medium,0.16695861314744684
2003-10-01,Farmed,High,0.18194654508943175
2003-10-01,Farmed,Low,0.1405731500072324
2003-10-01,Farmed,Medium,0.08279473826295311
2003-10-01,Mixed,Low,0.8820696410979847
2003-10-01,Mixed,Medium,0.7147268759895722
2003-10-01,Wild,High,0.9080889734852186
2003-10-01,Wild,Low,0.0383240072457219
2003-10-01,Wild,Medium,0.20908059747752422
2003-11-01,Farmed,High,0.15668756180916218
2003-11-01,Farmed,Low,0.08537668930275968
2003-11-01,Farmed,Medium,0.08480883150907989
2003-11-01,Mixed,Low,0.7918303815699472
2003-11-01,Mixed,Medium,0.6692842938541728
2003-11-01,Wild,High,0.7469765668178677
2003-11-01,Wild,Low,0.03635111409601037
2003-11-01,Wild,Medium,0.1548412672737592
2003-12-01,Farmed,High,0.20245287385900357
2003-12-01,Farmed,Low,0.12268567792736017
2003-12-01,Farmed,Medium,0.12727893914771943
2003-12-01,Mixed,Low,1.5269637356046326
2003-12-01,Mixed,Medium,1.1046385791955848
2003-12-01,Wild,High,0.7549623820715199
2003-12-01,Wild,Low,0.03293942987043293
2003-12-01,Wild,Medium,0.13597534363691086
2004-01-01,Farmed,High,0.13222405999339126
2004-01-01,Farmed,Low,0.12657992458793252
2004-01-01,Farmed,Medium,0.09188886808540177
2004-01-01,Mixed,Low,0.9201908072101658
2004-01-01,Mixed,Medium,0.5865835100641889
2004-01-01,Wild,High,0.792636729193178
2004-01-01,Wild,Low,0.029556863026560423
2004-01-01,Wild,Medium,0.148293066165678
2004-02-01,Farmed,High,0.10052191580900632
2004-02-01,Farmed,Low,0.1202160112698563
2004-02-01,Farmed,Medium,0.07520416836443328
2004-02-01,Mixed,Low,0.7873860660285015
2004-02-01,Mixed,Medium,0.5250748909232557
2004-02-01,Wild,High,0.8196543624624866
2004-02-01,Wild,Low,0.02779457421932789
2004-02-01,Wild,Medium,0.2055025485353519
2004-03-01,Farmed,High,0.1078804659778736
2004-03-01,Farmed,Low,0.11232417759789488
2004-03-01,Farmed,Medium,0.07205091231375732
2004-03-01,Mixed,Low,0.7995953762795552
2004-03-01,Mixed,Medium,0.5749036724470692
2004-03-01,Wild,High,0.8617180217139125
2004-03-01,Wild,Low,0.03405940493924101
2004-03-01,Wild,Medium,0.22418104736503017
2004-04-01,Farmed,High,0.10908446245314869
2004-04-01,Farmed,Low,0.10784021367236986
2004-04-01,Farmed,Medium,0.06802830173592922
2004-04-01,Mixed,Low,0.8774288061851482
2004-04-01,Mixed,Medium,0.6700548827128553
2004-04-01,Wild,High,0.8879846755793552
2004-04-01,Wild,Low,0.0348149097502346
2004-04-01,Wild,Medium,0.22210888725921546
2004-05-01,Farmed,High,0.11772013014930086
2004-05-01,Farmed,Low,0.08404895750574697
2004-05-01,Farmed,Medium,0.060480637184991026
2004-05-01,Mixed,Low,0.7766182170372627
2004-05-01,Mixed,Medium,0.5811082437983879
2004-05-01,Wild,High,0.8823607854163096
2004-05-01,Wild,Low,0.03478799548679126
2004-05-01,Wild,Medium,0.1713385828735301
2004-06-01,Farmed,High,0.11119068220208195
2004-06-01,Farmed,Low,0.08615160456484262
2004-06-01,Farmed,Medium,0.0482043985443127
2004-06-01,Mixed,Low,0.7403999547188144
2004-06-01,Mixed,Medium,0.5212959377923527
2004-06-01,Wild,High,0.8297710291859899
2004-06-01,Wild,Low,0.03447598057430652
2004-06-01,Wild,Medium,0.17389138885216485
2004-07-01,Farmed,High,0.10452571022035634
2004-07-01,Farmed,Low,0.08636691867238935
2004-07-01,Farmed,Medium,0.04492848014254541
2004-07-01,Mixed,Low,0.7882494660725909
2004-07-01,Mixed,Medium,0.5319577969850756
2004-07-01,Wild,High,0.8944984036912886
2004-07-01,Wild,Low,0.03493685756335841
2004-07-01,Wild,Medium,0.15449573208241668
2004-08-01,Farmed,High,0.09237499208263943
2004-08-01,Farmed,Low,0.08036646700045948
2004-08-01,Farmed,Medium,0.04860954157189785
2004-08-01,Mixed,Low,0.6908441266985944
2004-08-01,Mixed,Medium,0.46398570556925817
2004-08-01,Wild,High,0.7213856230444007
2004-08-01,Wild,Low,0.02603085633616032
2004-08-01,Wild,Medium,0.136123531861483
2004-09-01,Farmed,High,0.11997092474699614
2004-09-01,Farmed,Low,0.12797660813511613
2004-09-01,Farmed,Medium,0.06527566330571075
2004-09-01,Mixed,Low,0.8195038331306619
2004-09-01,Mixed,Medium,0.558313053558491
2004-09-01,Wild,High,0.8138492178350127
2004-09-01,Wild,Low,0.03233736843751224
2004-09-01,Wild,Medium,0.1535268185984564
2004-10-01,Farmed,High,0.1324693846955739
2004-10-01,Farmed,Low,0.13374507314692377
2004-10-01,Farmed,Medium,0.07445033080869724
2004-10-01,Mixed,Low,0.9454992656611612
2004-10-01,Mixed,Medium,0.6487928527719389
2004-10-01,Wild,High,0.8719304365250639
2004-10-01,Wild,Low,0.033693323320547086
2004-10-01,Wild,Medium,0.18655419253327274
2004-11-01,Farmed,High,0.12172678271252095
2004-11-01,Farmed,Low,0.10417034667117525
2004-11-01,Farmed,Medium,0.07461705633445245
2004-11-01,Mixed,Low,0.9112852823416128
2004-11-01,Mixed,Medium,0.6324789982561144
2004-11-01,Wild,High,0.743206183496597
2004-11-01,Wild,Low,0.0319903411646189
2004-11-01,Wild,Medium,0.1563118494165359
2004-12-01,Farmed,High,0.1504476363170803
2004-12-01,Farmed,Low,0.14895544286157117
2004-12-01,Farmed,Medium,0.10136387971407013
2004-12-01,Mixed,Low,1.6410374304477322
2004-12-01,Mixed,Medium,0.9268295794664158
2004-12-01,Wild,High,0.8066502478122255
2004-12-01,Wild,Low,0.03250552303920249
2004-12-01,Wild,Medium,0.14962687037171965
2005-01-01,Farmed,High,0.11899694447273118
2005-01-01,Farmed,Low,0.12036386148797644
2005-01-01,Farmed,Medium,0.08511513471742098
2005-01-01,Mixed,Low,0.9079947564746815
2005-01-01,Mixed,Medium,0.5369712656078467
2005-01-01,Wild,High,0.7983130466155469
2005-01-01,Wild,Low,0.02900731014374363
2005-01-01,Wild,Medium,0.14234437112229795
2005-02-01,Farmed,High,0.10466083796248288
2005-02-01,Farmed,Low,0.10227699426071711
2005-02-01,Farmed,Medium,0.06952799894705038
2005-02-01,Mixed,Low,0.7685831832998019
2005-02-01,Mixed,Medium,0.5272229645037202
2005-02-01,Wild,High,0.9103457885831293
2005-02-01,Wild,Low,0.03065975783275563
2005-02-01,Wild,Medium,0.18423523482954818
2005-03-01,Farmed,High,0.10636424833898872
2005-03-01,Farmed,Low,0.10632608449995225
2005-03-01,Farmed,Medium,0.07142036686805384
2005-03-01,Mixed,Low,0.8486395149878704
2005-03-01,Mixed,Medium,0.6168849483121996
2005-03-01,Wild,High,0.9447423447527606
2005-03-01,Wild,Low,0.03162060229239941
2005-03-01,Wild,Medium,0.22134444875313153
2005-04-01,Farmed,High,0.11541745561871308
2005-04-01,Farmed,Low,0.09318027089623775
2005-04-01,Farmed,Medium,0.06929901591283155
2005-04-01,Mixed,Low,0.9067362806118204
2005-04-01,Mixed,Medium,0.5875122892215825
2005-04-01,Wild,High,0.9240277575840391
2005-04-01,Wild,Low,0.03366981428358934
2005-04-01,Wild,Medium,0.2109303748228872
2005-05-01,Farmed,High,0.11389602159663724
2005-05-01,Farmed,Low,0.07147993968996441
2005-05-01,Farmed,Medium,0.05721713567542641
2005-05-01,Mixed,Low,0.7849624514365149
2005-05-01,Mixed,Medium,0.549647012413673
2005-05-01,Wild,High,0.8998481730784088
2005-05-01,Wild,Low,0.03149401004583942
2005-05-01,Wild,Medium,0.1840586107208367
2005-06-01,Farmed,High,0.10130195471460242
2005-06-01,Farmed,Low,0.08130898989253993
2005-06-01,Farmed,Medium,0.06110030629738715
2005-06-01,Mixed,Low,0.7460865310131457
2005-06-01,Mixed,Medium,0.5429064406970244
2005-06-01,Wild,High,0.8747324109847071
2005-06-01,Wild,Low,0.03343315194029611
2005-06-01,Wild,Medium,0.15551485159758482
2005-07-01,Farmed,High,0.08368282722187542
2005-07-01,Farmed,Low,0.08644388789362975
2005-07-01,Farmed,Medium,0.05809560209227197
2005-07-01,Mixed,Low,0.7845731337370757
2005-07-01,Mixed,Medium,0.5382874526419337
2005-07-01,Wild,High,0.8921144107214697
2005-07-01,Wild,Low,0.031895428474729114
2005-07-01,Wild,Medium,0.16174975244700018
2005-08-01,Farmed,High,0.0817818491664552
2005-08-01,Farmed,Low,0.09369199212819625
2005-08-01,Farmed,Medium,0.058724840023702526
2005-08-01,Mixed,Low,0.7638143323645924
2005-08-01,Mixed,Medium,0.498247069715281
2005-08-01,Wild,High,0.7871180102230687
2005-08-01,Wild,Low,0.03035723959649093
2005-08-01,Wild,Medium,0.14464862925729258
2005-09-01,Farmed,High,0.09874032337244723
2005-09-01,Farmed,Low,0.11499323196893575
2005-09-01,Farmed,Medium,0.07248639459138351
2005-09-01,Mixed,Low,0.8395607100112313
2005-09-01,Mixed,Medium,0.6324590525277772
2005-09-01,Wild,High,0.8878772937630793
2005-09-01,Wild,Low,0.03006356420097859
2005-09-01,Wild,Medium,0.16211998822692109
2005-10-01,Farmed,High,0.11791765248827299
2005-10-01,Farmed,Low,0.15036319874033266
2005-10-01,Farmed,Medium,0.0914433508074072
2005-10-01,Mixed,Low,0.9575034947837479
2005-10-01,Mixed,Medium,0.6527459254516876
2005-10-01,Wild,High,0.9791114415747926
2005-10-01,Wild,Low,0.03285766917238643
2005-10-01,Wild,Medium,0.17569258525010437
2005-11-01,Farmed,High,0.09894347600341577
2005-11-01,Farmed,Low,0.09327405154947979
2005-11-01,Farmed,Medium,0.08105440916140642
2005-11-01,Mixed,Low,0.9189024005427084
2005-11-01,Mixed,Medium,0.6232994984526891
2005-11-01,Wild,High,0.7865618420810128
2005-11-01,Wild,Low,0.02999538124465124
2005-11-01,Wild,Medium,0.1466031297698981
2005-12-01,Farmed,High,0.13699654682414494
2005-12-01,Farmed,Low,0.12293829167858897
2005-12-01,Farmed,Medium,0.10894240183097068
2005-12-01,Mixed,Low,1.6662997663442225
2005-12-01,Mixed,Medium,0.9529133623142702
2005-12-01,Wild,High,0.8629442061428143
2005-12-01,Wild,Low,0.0330638469857176
2005-12-01,Wild,Medium,0.13607107372751054
2006-01-01,Farmed,High,0.10372000471532372
2006-01-01,Farmed,Low,0.12077459577111235
2006-01-01,Farmed,Medium,0.0877826212932015
2006-01-01,Mixed,Low,0.9242844764398712
2006-01-01,Mixed,Medium,0.5833907628268616
2006-01-01,Wild,High,0.8148524481397122
2006-01-01,Wild,Low,0.03014452147737528
2006-01-01,Wild,Medium,0.1595406736043092
2006-02-01,Farmed,High,0.0899565544312346
2006-02-01,Farmed,Low,0.11097443671452399
2006-02-01,Farmed,Medium,0.08010458615445376
2006-02-01,Mixed,Low,0.7935405998845817
2006-02-01,Mixed,Medium,0.5470330149120401
2006-02-01,Wild,High,0.8144103580096997
2006-02-01,Wild,Low,0.026866161834886288
2006-02-01,Wild,Medium,0.19017658385293754
2006-03-01,Farmed,High,0.10821553868066104
2006-03-01,Farmed,Low,0.12658293429392645
2006-03-01,Farmed,Medium,0.08713192487571778
2006-03-01,Mixed,Low,0.8737451527282175
2006-03-01,Mixed,Medium,0.6347946386358244
2006-03-01,Wild,High,0.9019293685129349
2006-03-01,Wild,Low,0.03250241158225929
2006-03-01,Wild,Medium,0.2248148134200487
2006-04-01,Farmed,High,0.08531061396322388
2006-04-01,Farmed,Low,0.10281505512033147
2006-04-01,Farmed,Medium,0.06658078204306121
2006-04-01,Mixed,Low,0.8448324125785026
2006-04-01,Mixed,Medium,0.638321317360117
2006-04-01,Wild,High,0.891872445699886
2006-04-01,Wild,Low,0.03189964439931487
2006-04-01,Wild,Medium,0.19534244239847473
2006-05-01,Farmed,High,0.10055484936012758
2006-05-01,Farmed,Low,0.08129300293657854
2006-05-01,Farmed,Medium,0.07368594871183905
2006-05-01,Mixed,Low,0.7575012390277713
2006-05-01,Mixed,Medium,0.5895403118527056
2006-05-01,Wild,High,0.8679324777508498
2006-05-01,Wild,Low,0.03054781175085607
2006-05-01,Wild,Medium,0.1685744213771689
2006-06-01,Farmed,High,0.07912591683205103
2006-06-01,Farmed,Low,0.08369106230469549
2006-06-01,Farmed,Medium,0.06490873646098975
2006-06-01,Mixed,Low,0.8013233946359655
2006-06-01,Mixed,Medium,0.5733290470903587
2006-06-01,Wild,High,0.8415319141943454
2006-06-01,Wild,Low,0.030441226262618637
2006-06-01,Wild,Medium,0.16783904997866575
2006-07-01,Farmed,High,0.07212505330700875
2006-07-01,Farmed,Low,0.08409800432937928
2006-07-01,Farmed,Medium,0.0572939222649439
2006-07-01,Mixed,Low,0.7530963141391583
2006-07-01,Mixed,Medium,0.536588093533673
2006-07-01,Wild,High,0.830573465303057
2006-07-01,Wild,Low,0.02897664579576736
2006-07-01,Wild,Medium,0.1470311433895486
2006-08-01,Farmed,High,0.06591821743416774
2006-08-01,Farmed,Low,0.09267916318751776
2006-08-01,Farmed,Medium,0.06156145001454423
2006-08-01,Mixed,Low,0.7688664017092933
2006-08-01,Mixed,Medium,0.5087952998310266
2006-08-01,Wild,High,0.7691350336571637
2006-08-01,Wild,Low,0.02386487881492456
2006-08-01,Wild,Medium,0.13211625030426502
2006-09-01,Farmed,High,0.0788073015395897
2006-09-01,Farmed,Low,0.10769242532083201
2006-09-01,Farmed,Medium,0.07577566333775308
2006-09-01,Mixed,Low,0.858671864934504
2006-09-01,Mixed,Medium,0.6251277684981453
2006-09-01,Wild,High,0.8555790599000173
2006-09-01,Wild,Low,0.02914919104010889
2006-09-01,Wild,Medium,0.15139840959388073
2006-10-01,Farmed,High,0.10411051385959404
2006-10-01,Farmed,Low,0.13591863624438386
2006-10-01,Farmed,Medium,0.10865466176282126
2006-10-01,Mixed,Low,0.9692176773515765
2006-10-01,Mixed,Medium,0.6942953597996283
2006-10-01,Wild,High,0.9286321144814872
2006-10-01,Wild,Low,0.03181314354269392
2006-10-01,Wild,Medium,0.17776085799720387
2006-11-01,Farmed,High,0.0886188723186874
2006-11-01,Farmed,Low,0.10773989808647097
2006-11-01,Farmed,Medium,0.09591758180122398
2006-11-01,Mixed,Low,0.9771408362898253
2006-11-01,Mixed,Medium,0.6550079944822039
2006-11-01,Wild,High,0.774383969542569
2006-11-01,Wild,Low,0.02913709461424896
2006-11-01,Wild,Medium,0.14908297109673155
2006-12-01,Farmed,High,0.13033670629615546
2006-12-01,Farmed,Low,0.1662370723728021
2006-12-01,Farmed,Medium,0.1077243781438582
2006-12-01,Mixed,Low,1.7911301017389305
2006-12-01,Mixed,Medium,0.9690563155952937
2006-12-01,Wild,High,0.8235463548162433
2006-12-01,Wild,Low,0.02736804939084795
2006-12-01,Wild,Medium,0.1391061585756984
2007-01-01,Farmed,High,0.10911131498124746
2007-01-01,Farmed,Low,0.12024164736864433
2007-01-01,Farmed,Medium,0.10584806061003366
2007-01-01,Mixed,Low,0.9931539013352138
2007-01-01,Mixed,Medium,0.6388647224333712
2007-01-01,Wild,High,0.8222332234674009
2007-01-01,Wild,Low,0.18813857946775472
2007-01-01,Wild,Medium,0.14368626133991513
2007-02-01,Farmed,High,0.08921361921214052
2007-02-01,Farmed,Low,0.10198543755967966
2007-02-01,Farmed,Medium,0.08907962950368228
2007-02-01,Mixed,Low,0.7897003878159046
2007-02-01,Mixed,Medium,0.5388586579247285
2007-02-01,Wild,High,0.7684966284839161
2007-02-01,Wild,Low,0.1855851568630889
2007-02-01,Wild,Medium,0.1760839869676651
2007-03-01,Farmed,High,0.10814470695066408
2007-03-01,Farmed,Low,0.12395907755765892
2007-03-01,Farmed,Medium,0.09909009472908194
2007-03-01,Mixed,Low,0.9636064818634792
2007-03-01,Mixed,Medium,0.6703352751286794
2007-03-01,Wild,High,0.9378786653350353
2007-03-01,Wild,Low,0.18821588122263447
2007-03-01,Wild,Medium,0.2299292525340968
2007-04-01,Farmed,High,0.09954651117745894
2007-04-01,Farmed,Low,0.07689127135819211
2007-04-01,Farmed,Medium,0.08258807459824373
2007-04-01,Mixed,Low,0.8016386915890882
2007-04-01,Mixed,Medium,0.5789581030321361
2007-04-01,Wild,High,0.8085689619613514
2007-04-01,Wild,Low,0.16844298857662324
2007-04-01,Wild,Medium,0.1880865968383863
2007-05-01,Farmed,High,0.09858281596662463
2007-05-01,Farmed,Low,0.07483437248921772
2007-05-01,Farmed,Medium,0.08397726555550314
2007-05-01,Mixed,Low,0.7865287752352583
2007-05-01,Mixed,Medium,0.5895063195958298
2007-05-01,Wild,High,0.8458716519835152
2007-05-01,Wild,Low,0.2008671536451727
2007-05-01,Wild,Medium,0.15090288429982007
2007-06-01,Farmed,High,0.11313638374837776
2007-06-01,Farmed,Low,0.08077406008373211
2007-06-01,Farmed,Medium,0.07397038533902542
2007-06-01,Mixed,Low,0.8502036871395883
2007-06-01,Mixed,Medium,0.584575812012847
2007-06-01,Wild,High,0.8351580768832961
2007-06-01,Wild,Low,0.21725064441852865
2007-06-01,Wild,Medium,0.15662366228703728
2007-07-01,Farmed,High,0.08619414544761994
2007-07-01,Farmed,Low,0.07247073129435815
2007-07-01,Farmed,Medium,0.07401452576137704
2007-07-01,Mixed,Low,0.7734529033185255
2007-07-01,Mixed,Medium,0.5438243434077581
2007-07-01,Wild,High,0.8006788054502333
2007-07-01,Wild,Low,0.201661681247502
2007-07-01,Wild,Medium,0.14487939712175488
2007-08-01,Farmed,High,0.08157217269498337
2007-08-01,Farmed,Low,0.07504543988949809
2007-08-01,Farmed,Medium,0.0692103897428934
2007-08-01,Mixed,Low,0.7669712071876222
2007-08-01,Mixed,Medium,0.5191760626909392
2007-08-01,Wild,High,0.7520869223328184
2007-08-01,Wild,Low,0.16565878102260628
2007-08-01,Wild,Medium,0.1228779733046304
2007-09-01,Farmed,High,0.09217573283390974
2007-09-01,Farmed,Low,0.09469868286273891
2007-09-01,Farmed,Medium,0.09805940466401854
2007-09-01,Mixed,Low,0.849878571642978
2007-09-01,Mixed,Medium,0.596893678605643
2007-09-01,Wild,High,0.8081378646384857
2007-09-01,Wild,Low,0.184029487054016
2007-09-01,Wild,Medium,0.15346751005736697
2007-10-01,Farmed,High,0.10704433327468008
2007-10-01,Farmed,Low,0.13415932419286483
2007-10-01,Farmed,Medium,0.1052533972551036
2007-10-01,Mixed,Low,0.9739635726390208
2007-10-01,Mixed,Medium,0.6877281699766247
2007-10-01,Wild,High,0.8996313254619351
2007-10-01,Wild,Low,0.21408933873853303
2007-10-01,Wild,Medium,0.17323748988362914
2007-11-01,Farmed,High,0.10841358261981106
2007-11-01,Farmed,Low,0.10740462667133704
2007-11-01,Farmed,Medium,0.11198671619971681
2007-11-01,Mixed,Low,1.0858940490112743
2007-11-01,Mixed,Medium,0.7358329400067682
2007-11-01,Wild,High,0.8087405942634902
2007-11-01,Wild,Low,0.16786938714910968
2007-11-01,Wild,Medium,0.1584307308467626
2007-12-01,Farmed,High,0.14377543843684898
2007-12-01,Farmed,Low,0.1625660386382432
2007-12-01,Farmed,Medium,0.1130055309227263
2007-12-01,Mixed,Low,1.745087788599676
2007-12-01,Mixed,Medium,0.9814154618094286
2007-12-01,Wild,High,0.8235191213550972
2007-12-01,Wild,Low,0.1103494874376693
2007-12-01,Wild,Medium,0.13899169215660895
2008-01-01,Farmed,High,0.11351231941571052
2008-01-01,Farmed,Low,0.1520703065047582
2008-01-01,Farmed,Medium,0.13172030212418695
2008-01-01,Mixed,Low,1.0827760994013114
2008-01-01,Mixed,Medium,0.6659672909708392
2008-01-01,Wild,High,0.8741798280834838
2008-01-01,Wild,Low,0.17156318281822316
2008-01-01,Wild,Medium,0.16982177783120647
2008-02-01,Farmed,High,0.11716851702109884
2008-02-01,Farmed,Low,0.1136845663389645
2008-02-01,Farmed,Medium,0.11332387443742209
2008-02-01,Mixed,Low,0.8855191510324801
2008-02-01,Mixed,Medium,0.6150757397519464
2008-02-01,Wild,High,0.8932777912523757
2008-02-01,Wild,Low,0.19524268600405068
2008-02-01,Wild,Medium,0.2128864744857627
2008-03-01,Farmed,High,0.10935124440481085
2008-03-01,Farmed,Low,0.11766905973582632
2008-03-01,Farmed,Medium,0.1056282013047028
2008-03-01,Mixed,Low,0.9678200998129503
2008-03-01,Mixed,Medium,0.7055532842005258
2008-03-01,Wild,High,0.9707398562683204
2008-03-01,Wild,Low,0.16508510151253228
2008-03-01,Wild,Medium,0.23713792871344147
2008-04-01,Farmed,High,0.11443720554401728
2008-04-01,Farmed,Low,0.11341513108550366
2008-04-01,Farmed,Medium,0.12242512809221784
2008-04-01,Mixed,Low,0.9178201260458146
2008-04-01,Mixed,Medium,0.6243439930727315
2008-04-01,Wild,High,0.8776564782337715
2008-04-01,Wild,Low,0.1916195689335919
2008-04-01,Wild,Medium,0.2171926475671121
2008-05-01,Farmed,High,0.11665633908374101
2008-05-01,Farmed,Low,0.10331530155907526
2008-05-01,Farmed,Medium,0.1114720489062267
2008-05-01,Mixed,Low,0.9483130787190327
2008-05-01,Mixed,Medium,0.6467082598180832
2008-05-01,Wild,High,0.9133887032149732
2008-05-01,Wild,Low,0.21310731557412016
2008-05-01,Wild,Medium,0.18220256727643389
2008-06-01,Farmed,High,0.11160961830320967
2008-06-01,Farmed,Low,0.08437201840868154
2008-06-01,Farmed,Medium,0.0963111256771941
2008-06-01,Mixed,Low,0.761596957628484
2008-06-01,Mixed,Medium,0.5397226158731669
2008-06-01,Wild,High,0.8176191857441434
2008-06-01,Wild,Low,0.19084616884110053
2008-06-01,Wild,Medium,0.1429526266533077
2008-07-01,Farmed,High,0.1046455953464844
2008-07-01,Farmed,Low,0.08642460856565637
2008-07-01,Farmed,Medium,0.08737459027218558
2008-07-01,Mixed,Low,0.8184580624816331
2008-07-01,Mixed,Medium,0.5707888884379576
2008-07-01,Wild,High,0.8743105532318607
2008-07-01,Wild,Low,0.21986692363914268
2008-07-01,Wild,Medium,0.1447599645685633
2008-08-01,Farmed,High,0.07915966681188212
2008-08-01,Farmed,Low,0.10760801428483258
2008-08-01,Farmed,Medium,0.08500009228910299
2008-08-01,Mixed,Low,0.8426148379369273
2008-08-01,Mixed,Medium,0.5399480197939285
2008-08-01,Wild,High,0.7690631202912782
2008-08-01,Wild,Low,0.16846661660719509
2008-08-01,Wild,Medium,0.12381519498412043
2008-09-01,Farmed,High,0.1067369695788939
2008-09-01,Farmed,Low,0.1072966009732542
2008-09-01,Farmed,Medium,0.10546325491329535
2008-09-01,Mixed,Low,0.870177539640246
2008-09-01,Mixed,Medium,0.6129770649876903
2008-09-01,Wild,High,0.8305358798552298
2008-09-01,Wild,Low,0.20102721678432156
2008-09-01,Wild,Medium,0.1615813025094402
2008-10-01,Farmed,High,0.12622437049347404
2008-10-01,Farmed,Low,0.1468378784453808
2008-10-01,Farmed,Medium,0.12218375425804207
2008-10-01,Mixed,Low,0.9993406023435671
2008-10-01,Mixed,Medium,0.7080555414909225
2008-10-01,Wild,High,0.9068693282760255
2008-10-01,Wild,Low,0.236899064437088
2008-10-01,Wild,Medium,0.1912043511848207
2008-11-01,Farmed,High,0.1271907783966579
2008-11-01,Farmed,Low,0.1265392059293555
2008-11-01,Farmed,Medium,0.1283586353504819
2008-11-01,Mixed,Low,1.0628556856915843
2008-11-01,Mixed,Medium,0.7087445291839385
2008-11-01,Wild,High,0.8255726589076929
2008-11-01,Wild,Low,0.18798481664050273
2008-11-01,Wild,Medium,0.15318820044375742
2008-12-01,Farmed,High,0.17269864366197815
2008-12-01,Farmed,Low,0.20267713698163642
2008-12-01,Farmed,Medium,0.14142841248872517
2008-12-01,Mixed,Low,2.0166439351538914
2008-12-01,Mixed,Medium,1.1122282700031594
2008-12-01,Wild,High,0.9449012207888828
2008-12-01,Wild,Low,0.12968117232280413
2008-12-01,Wild,Medium,0.16010271666889844
2009-01-01,Farmed,High,0.12761338984653176
2009-01-01,Farmed,Low,0.14935606855006486
2009-01-01,Farmed,Medium,0.1269106020230807
2009-01-01,Mixed,Low,1.0656987955364647
2009-01-01,Mixed,Medium,0.6238562019577072
2009-01-01,Wild,High,0.8785453989270503
2009-01-01,Wild,Low,0.16695396446922584
2009-01-01,Wild,Medium,0.15355236690317017
2009-02-01,Farmed,High,0.11068119942332852
2009-02-01,Farmed,Low,0.11665434079799959
2009-02-01,Farmed,Medium,0.10746791582359377
2009-02-01,Mixed,Low,0.8221951384781878
2009-02-01,Mixed,Medium,0.5543836826732478
2009-02-01,Wild,High,0.8589743679054608
2009-02-01,Wild,Low,0.16715602984658462
2009-02-01,Wild,Medium,0.20272553160808768
2009-03-01,Farmed,High,0.11221911678990738
2009-03-01,Farmed,Low,0.12229152072657858
2009-03-01,Farmed,Medium,0.11478645733168981
2009-03-01,Mixed,Low,0.9768844006913328
2009-03-01,Mixed,Medium,0.6314447561019222
2009-03-01,Wild,High,0.9606050368719039
2009-03-01,Wild,Low,0.1960567080056529
2009-03-01,Wild,Medium,0.25706579667689344
2009-04-01,Farmed,High,0.11475537035055768
2009-04-01,Farmed,Low,0.12059794640447385
2009-04-01,Farmed,Medium,0.10879488581820472
2009-04-01,Mixed,Low,0.9691806026670635
2009-04-01,Mixed,Medium,0.663851823682828
2009-04-01,Wild,High,0.9642595335538495
2009-04-01,Wild,Low,0.17344559227920756
2009-04-01,Wild,Medium,0.2178184829975957
2009-05-01,Farmed,High,0.11013606700419032
2009-05-01,Farmed,Low,0.09269427214028562
2009-05-01,Farmed,Medium,0.09763776828988793
2009-05-01,Mixed,Low,0.8340117441062361
2009-05-01,Mixed,Medium,0.6048367428013475
2009-05-01,Wild,High,0.8806335558596676
2009-05-01,Wild,Low,0.200589633954446
2009-05-01,Wild,Medium,0.15641081481826835
2009-06-01,Farmed,High,0.10667541985459
2009-06-01,Farmed,Low,0.09440161355403454
2009-06-01,Farmed,Medium,0.0925490515284256
2009-06-01,Mixed,Low,0.8096739686277669
2009-06-01,Mixed,Medium,0.6062714069805948
2009-06-01,Wild,High,0.8671084985685444
2009-06-01,Wild,Low,0.22897848717416047
2009-06-01,Wild,Medium,0.15133408874952842
2009-07-01,Farmed,High,0.09728493105403838
2009-07-01,Farmed,Low,0.09936997928854252
2009-07-01,Farmed,Medium,0.08501667600011362
2009-07-01,Mixed,Low,0.8450029903852265
2009-07-01,Mixed,Medium,0.6018419562689985
2009-07-01,Wild,High,0.8657855254715077
2009-07-01,Wild,Low,0.2181286866593212
2009-07-01,Wild,Medium,0.15011325859049712
2009-08-01,Farmed,High,0.07507261688554508
2009-08-01,Farmed,Low,0.08002699347854361
2009-08-01,Farmed,Medium,0.07964662205940563
2009-08-01,Mixed,Low,0.7304965379335909
2009-08-01,Mixed,Medium,0.49310480341575347
2009-08-01,Wild,High,0.6981682980548415
2009-08-01,Wild,Low,0.1703975137792035
2009-08-01,Wild,Medium,0.11989959957832737
2009-09-01,Farmed,High,0.10611896289232511
2009-09-01,Farmed,Low,0.11181654038424652
2009-09-01,Farmed,Medium,0.10217557933571608
2009-09-01,Mixed,Low,0.840032182102201
2009-09-01,Mixed,Medium,0.5897726578943193
2009-09-01,Wild,High,0.8503959154620532
2009-09-01,Wild,Low,0.19198697807572832
2009-09-01,Wild,Medium,0.15868127469023902
2009-10-01,Farmed,High,0.12283443264706444
2009-10-01,Farmed,Low,0.14899368317001047
2009-10-01,Farmed,Medium,0.10759981344354005
2009-10-01,Mixed,Low,1.045891281408406
2009-10-01,Mixed,Medium,0.6722357604442948
2009-10-01,Wild,High,0.9270264342020478
2009-10-01,Wild,Low,0.20693315450431973
2009-10-01,Wild,Medium,0.1812226667590023
2009-11-01,Farmed,High,0.11703093736942866
2009-11-01,Farmed,Low,0.14304407908105374
2009-11-01,Farmed,Medium,0.10810275638828465
2009-11-01,Mixed,Low,1.1035483053141435
2009-11-01,Mixed,Medium,0.6906556849645351
2009-11-01,Wild,High,0.8829228899701829
2009-11-01,Wild,Low,0.18711742453124738
2009-11-01,Wild,Medium,0.1553933823357872
2009-12-01,Farmed,High,0.17036154170103632
2009-12-01,Farmed,Low,0.2115615618951615
2009-12-01,Farmed,Medium,0.13113532275893539
2009-12-01,Mixed,Low,2.162135509816906
2009-12-01,Mixed,Medium,1.106198914555387
2009-12-01,Wild,High,1.0194544685539233
2009-12-01,Wild,Low,0.12941554655273363
2009-12-01,Wild,Medium,0.1511053773883421
2010-01-01,Farmed,High,0.1249890889028234
2010-01-01,Farmed,Low,0.15556860762310507
2010-01-01,Farmed,Medium,0.12464862713184267
2010-01-01,Mixed,Low,1.0743599889994535
2010-01-01,Mixed,Medium,0.6176555571825293
2010-01-01,Wild,High,0.9177144859920506
2010-01-01,Wild,Low,0.15379794519013998
2010-01-01,Wild,Medium,0.1630195830049011
2010-02-01,Farmed,High,0.09541549975012616
2010-02-01,Farmed,Low,0.1117454743101593
2010-02-01,Farmed,Medium,0.09894441648245922
2010-02-01,Mixed,Low,0.7631028284618044
2010-02-01,Mixed,Medium,0.5091975852159449
2010-02-01,Wild,High,0.8226387949532422
2010-02-01,Wild,Low,0.15629720452046603
2010-02-01,Wild,Medium,0.1843221715256204
2010-03-01,Farmed,High,0.10818738757954523
2010-03-01,Farmed,Low,0.11415569983976209
2010-03-01,Farmed,Medium,0.09878659373056597
2010-03-01,Mixed,Low,0.8953909475314978
2010-03-01,Mixed,Medium,0.6223384303393948
2010-03-01,Wild,High,0.9825487255294605
2010-03-01,Wild,Low,0.15647570749502115
2010-03-01,Wild,Medium,0.2102688849965336
2010-04-01,Farmed,High,0.090878911957774
2010-04-01,Farmed,Low,0.09183651511029596
2010-04-01,Farmed,Medium,0.0780277862225768
2010-04-01,Mixed,Low,0.8103162121719716
2010-04-01,Mixed,Medium,0.536061629826828
2010-04-01,Wild,High,0.8141353050812339
2010-04-01,Wild,Low,0.17167066436074888
2010-04-01,Wild,Medium,0.15388480212531983
2010-05-01,Farmed,High,0.10090773151601123
2010-05-01,Farmed,Low,0.07893510378104725
2010-05-01,Farmed,Medium,0.08731930142127965
2010-05-01,Mixed,Low,0.7004036586493174
2010-05-01,Mixed,Medium,0.5181133734218647
2010-05-01,Wild,High,0.8083996997476018
2010-05-01,Wild,Low,0.19052471451830227
2010-05-01,Wild,Medium,0.14067579969479502
2010-06-01,Farmed,High,0.09183216137920923
2010-06-01,Farmed,Low,0.0796512925448111
2010-06-01,Farmed,Medium,0.07526273160940708
2010-06-01,Mixed,Low,0.7028859384284053
2010-06-01,Mixed,Medium,0.531708769486335
2010-06-01,Wild,High,0.8102644027720398
2010-06-01,Wild,Low,0.1956379539930892
2010-06-01,Wild,Medium,0.14324232417041077
2010-07-01,Farmed,High,0.07897929415157733
2010-07-01,Farmed,Low,0.08021618915331175
2010-07-01,Farmed,Medium,0.07486741282673377
2010-07-01,Mixed,Low,0.7294630721606741
2010-07-01,Mixed,Medium,0.5397107095371544
2010-07-01,Wild,High,0.8509265096294796
2010-07-01,Wild,Low,0.20786301319801748
2010-07-01,Wild,Medium,0.1432118480528038
2010-08-01,Farmed,High,0.07584961455989561
2010-08-01,Farmed,Low,0.07952721120883985
2010-08-01,Farmed,Medium,0.07293827458221244
2010-08-01,Mixed,Low,0.710640368866945
2010-08-01,Mixed,Medium,0.5027623352966785
2010-08-01,Wild,High,0.7645935459858941
2010-08-01,Wild,Low,0.14646756815944578
2010-08-01,Wild,Medium,0.11801267020947877
2010-09-01,Farmed,High,0.08303457697229367
2010-09-01,Farmed,Low,0.07726806014794585
2010-09-01,Farmed,Medium,0.08305895786637926
2010-09-01,Mixed,Low,0.6917022916994182
2010-09-01,Mixed,Medium,0.5358069365582555
2010-09-01,Wild,High,0.8319226911225434
2010-09-01,Wild,Low,0.19190223503413742
2010-09-01,Wild,Medium,0.13402917613126872
2010-10-01,Farmed,High,0.10644045298100273
2010-10-01,Farmed,Low,0.10808659870488792
2010-10-01,Farmed,Medium,0.09111357806334772
2010-10-01,Mixed,Low,0.83663473427769
2010-10-01,Mixed,Medium,0.6045682415358781
2010-10-01,Wild,High,0.8536288705150007
2010-10-01,Wild,Low,0.18349235038049344
2010-10-01,Wild,Medium,0.13899765404742254
2010-11-01,Farmed,High,0.12092792854514
2010-11-01,Farmed,Low,0.10425161467715913
2010-11-01,Farmed,Medium,0.09977706755279259
2010-11-01,Mixed,Low,0.8954858588691881
2010-11-01,Mixed,Medium,0.6204162580646123
2010-11-01,Wild,High,0.8118047528305179
2010-11-01,Wild,Low,0.17693084225971228
2010-11-01,Wild,Medium,0.1422189796784795
2010-12-01,Farmed,High,0.13228071772684585
2010-12-01,Farmed,Low,0.1675017491586694
2010-12-01,Farmed,Medium,0.11266977141986786
2010-12-01,Mixed,Low,1.7214043194500492
2010-12-01,Mixed,Medium,0.9470673409786518
2010-12-01,Wild,High,0.8623520061203335
2010-12-01,Wild,Low,0.12777221150000298
2010-12-01,Wild,Medium,0.14889695010583015
2011-01-01,Farmed,High,0.10658240540869282
2011-01-01,Farmed,Low,0.10951143578336082
2011-01-01,Farmed,Medium,0.10542330172869438
2011-01-01,Mixed,Low,0.8682102785791965
2011-01-01,Mixed,Medium,0.574369977542615
2011-01-01,Wild,High,0.8553171841578564
2011-01-01,Wild,Low,0.14259198023434846
2011-01-01,Wild,Medium,0.1316958826401386
2011-02-01,Farmed,High,0.09048984487911114
2011-02-01,Farmed,Low,0.09870533815527985
2011-02-01,Farmed,Medium,0.08345677246544889
2011-02-01,Mixed,Low,0.7001064677524251
2011-02-01,Mixed,Medium,0.46579776658737854
2011-02-01,Wild,High,0.8010576646266492
2011-02-01,Wild,Low,0.15364388890793387
2011-02-01,Wild,Medium,0.13478791537476878
2011-03-01,Farmed,High,0.10734097655177884
2011-03-01,Farmed,Low,0.10068250448139866
2011-03-01,Farmed,Medium,0.08541432620814977
2011-03-01,Mixed,Low,0.7595951378580341
2011-03-01,Mixed,Medium,0.571153949697265
2011-03-01,Wild,High,0.8914564199516638
2011-03-01,Wild,Low,0.18052315239977212
2011-03-01,Wild,Medium,0.18801341592466522
2011-04-01,Farmed,High,0.09030287158386041
2011-04-01,Farmed,Low,0.08749434963841582
2011-04-01,Farmed,Medium,0.07200193416142218
2011-04-01,Mixed,Low,0.7483828418356089
2011-04-01,Mixed,Medium,0.5964465551905943
2011-04-01,Wild,High,0.8899024495921848
2011-04-01,Wild,Low,0.1769965919836385
2011-04-01,Wild,Medium,0.14879478661665257
2011-05-01,Farmed,High,0.10578460909877097
2011-05-01,Farmed,Low,0.08445156627992396
2011-05-01,Farmed,Medium,0.0840244477966006
2011-05-01,Mixed,Low,0.7102877956398489
2011-05-01,Mixed,Medium,0.54664018168322
2011-05-01,Wild,High,0.8470910129196048
2011-05-01,Wild,Low,0.20680880836682833
2011-05-01,Wild,Medium,0.1316963184753257
2011-06-01,Farmed,High,0.10800322811852359
2011-06-01,Farmed,Low,0.0843277890867976
2011-06-01,Farmed,Medium,0.07265241817811618
2011-06-01,Mixed,Low,0.6766805443652937
2011-06-01,Mixed,Medium,0.49187400374705015
2011-06-01,Wild,High,0.823808697226611
2011-06-01,Wild,Low,0.19627445397788215
2011-06-01,Wild,Medium,0.12803072663451842
2011-07-01,Farmed,High,0.09555207057686708
2011-07-01,Farmed,Low,0.09267250749593095
2011-07-01,Farmed,Medium,0.07335454866447734
2011-07-01,Mixed,Low,0.7460633269700508
2011-07-01,Mixed,Medium,0.51021699926504
2011-07-01,Wild,High,0.8299356682863659
2011-07-01,Wild,Low,0.18531319902320617
2011-07-01,Wild,Medium,0.12104210940993675
2011-08-01,Farmed,High,0.10005294055368374
2011-08-01,Farmed,Low,0.08947456681084406
2011-08-01,Farmed,Medium,0.06674772306376428
2011-08-01,Mixed,Low,0.6870346809043886
2011-08-01,Mixed,Medium,0.5071705113074582
2011-08-01,Wild,High,0.7657038038399323
2011-08-01,Wild,Low,0.16432185099101781
2011-08-01,Wild,Medium,0.12232084984878444
2011-09-01,Farmed,High,0.11217940088097707
2011-09-01,Farmed,Low,0.08339531970407277
2011-09-01,Farmed,Medium,0.08418810390934338
2011-09-01,Mixed,Low,0.742848606630262
2011-09-01,Mixed,Medium,0.5334764336107128
2011-09-01,Wild,High,0.8153820418023094
2011-09-01,Wild,Low,0.18516152837810765
2011-09-01,Wild,Medium,0.12298745976739982
2011-10-01,Farmed,High,0.12721309982358514
2011-10-01,Farmed,Low,0.12049448249739006
2011-10-01,Farmed,Medium,0.08724701316975665
2011-10-01,Mixed,Low,0.7975655351902936
2011-10-01,Mixed,Medium,0.5757071198965293
2011-10-01,Wild,High,0.8210496425748983
2011-10-01,Wild,Low,0.18918189006118558
2011-10-01,Wild,Medium,0.13077321954912277
2011-11-01,Farmed,High,0.15312197627142396
2011-11-01,Farmed,Low,0.11928939820515626
2011-11-01,Farmed,Medium,0.09319747097875034
2011-11-01,Mixed,Low,0.9523656948495101
2011-11-01,Mixed,Medium,0.6389339484015919
2011-11-01,Wild,High,0.810541438297176
2011-11-01,Wild,Low,0.16994347115137123
2011-11-01,Wild,Medium,0.12422174501716692
2011-12-01,Farmed,High,0.17316952320602375
2011-12-01,Farmed,Low,0.1702707833768568
2011-12-01,Farmed,Medium,0.10361218860884723
2011-12-01,Mixed,Low,1.6844360973036632
2011-12-01,Mixed,Medium,0.9259050510548473
2011-12-01,Wild,High,0.8468556619185897
2011-12-01,Wild,Low,0.11593673602866143
2011-12-01,Wild,Medium,0.11143651980462536
2012-01-01,Farmed,High,0.1185066774048131
2012-01-01,Farmed,Low,0.10748861074561224
2012-01-01,Farmed,Medium,0.09877274891683471
2012-01-01,Mixed,Low,0.8377698632358178
2012-01-01,Mixed,Medium,0.5546323143650989
2012-01-01,Wild,High,0.8379899684308071
2012-01-01,Wild,Low,0.13066152010558796
2012-01-01,Wild,Medium,0.12205961806711535
2012-02-01,Farmed,High,0.1185301205616758
2012-02-01,Farmed,Low,0.10542431054409096
2012-02-01,Farmed,Medium,0.0911695687739666
2012-02-01,Mixed,Low,0.6912028123976905
2012-02-01,Mixed,Medium,0.5200640771734463
2012-02-01,Wild,High,0.8221910172354856
2012-02-01,Wild,Low,0.12578056802026716
2012-02-01,Wild,Medium,0.13194611827515693
2012-03-01,Farmed,High,0.1227794098093072
2012-03-01,Farmed,Low,0.10256598193697969
2012-03-01,Farmed,Medium,0.09823247097765635
2012-03-01,Mixed,Low,0.7697282711045071
2012-03-01,Mixed,Medium,0.5662922459765503
2012-03-01,Wild,High,0.8410727435582515
2012-03-01,Wild,Low,0.1551826280514364
2012-03-01,Wild,Medium,0.1795441922908581
2012-04-01,Farmed,High,0.13445345072812945
2012-04-01,Farmed,Low,0.08868524534532227
2012-04-01,Farmed,Medium,0.07251814976075
2012-04-01,Mixed,Low,0.7137803089866075
2012-04-01,Mixed,Medium,0.5328803207905233
2012-04-01,Wild,High,0.8039837158050567
2012-04-01,Wild,Low,0.14163400284866723
2012-04-01,Wild,Medium,0.1363019870600067
2012-05-01,Farmed,High,0.14152590384757807
2012-05-01,Farmed,Low,0.08134883964490104
2012-05-01,Farmed,Medium,0.08043520772605753
2012-05-01,Mixed,Low,0.6742221524434757
2012-05-01,Mixed,Medium,0.5297306892527662
2012-05-01,Wild,High,0.7804476545799762
2012-05-01,Wild,Low,0.1736308730385096
2012-05-01,Wild,Medium,0.11795250722453096
2012-06-01,Farmed,High,0.13471827157417107
2012-06-01,Farmed,Low,0.08583277752742667
2012-06-01,Farmed,Medium,0.0823482127393072
2012-06-01,Mixed,Low,0.7032473854347038
2012-06-01,Mixed,Medium,0.5405047734275815
2012-06-01,Wild,High,0.7971283289528553
2012-06-01,Wild,Low,0.18018909617084958
2012-06-01,Wild,Medium,0.11509743461142839
2012-07-01,Farmed,High,0.13227844673031242
2012-07-01,Farmed,Low,0.09061735219008969
2012-07-01,Farmed,Medium,0.07014735198987596
2012-07-01,Mixed,Low,0.6930190058557479
2012-07-01,Mixed,Medium,0.49439707640279973
2012-07-01,Wild,High,0.8013841301885042
2012-07-01,Wild,Low,0.15888187137786336
2012-07-01,Wild,Medium,0.10962888414066943
2012-08-01,Farmed,High,0.10980470781713966
2012-08-01,Farmed,Low,0.08698062394862993
2012-08-01,Farmed,Medium,0.06924934884227424
2012-08-01,Mixed,Low,0.7018792167522446
2012-08-01,Mixed,Medium,0.48537319754079866
2012-08-01,Wild,High,0.7604667046798703
2012-08-01,Wild,Low,0.14785316847156704
2012-08-01,Wild,Medium,0.10687561560690578
2012-09-01,Farmed,High,0.12720669339608132
2012-09-01,Farmed,Low,0.09425625109422195
2012-09-01,Farmed,Medium,0.080670941692288
2012-09-01,Mixed,Low,0.692046983111015
2012-09-01,Mixed,Medium,0.507827183423652
2012-09-01,Wild,High,0.7918445018755237
2012-09-01,Wild,Low,0.15302607468633533
2012-09-01,Wild,Medium,0.11965039956693867
2012-10-01,Farmed,High,0.15097892271992688
2012-10-01,Farmed,Low,0.1117116349749064
2012-10-01,Farmed,Medium,0.09434003867337937
2012-10-01,Mixed,Low,0.7846654692188567
2012-10-01,Mixed,Medium,0.5435736563139226
2012-10-01,Wild,High,0.8120739926516275
2012-10-01,Wild,Low,0.16776813022642967
2012-10-01,Wild,Medium,0.12873549111630342
2012-11-01,Farmed,High,0.16835876753960932
2012-11-01,Farmed,Low,0.11432880295910602
2012-11-01,Farmed,Medium,0.09830128098437373
2012-11-01,Mixed,Low,0.99008178990291
2012-11-01,Mixed,Medium,0.6320344551389113
2012-11-01,Wild,High,0.8519145524084478
2012-11-01,Wild,Low,0.1532889419359717
2012-11-01,Wild,Medium,0.12909582111993378
2012-12-01,Farmed,High,0.19785611966210007
2012-12-01,Farmed,Low,0.16839523467250686
2012-12-01,Farmed,Medium,0.11331879361760477
2012-12-01,Mixed,Low,1.6904786611161233
2012-12-01,Mixed,Medium,0.8949470716251384
2012-12-01,Wild,High,0.8519521048726817
2012-12-01,Wild,Low,0.09746644412054095
2012-12-01,Wild,Medium,0.11398714065445893
2013-01-01,Farmed,High,0.13684045242727
2013-01-01,Farmed,Low,0.11573869915199
2013-01-01,Farmed,Medium,0.11101412659363999
2013-01-01,Mixed,Low,0.95370241093091
2013-01-01,Mixed,Medium,0.58160532239202
2013-01-01,Wild,High,0.8874092170805
2013-01-01,Wild,Low,0.12649716804743
2013-01-01,Wild,Medium,0.12609565155959
2013-02-01,Farmed,High,0.12089402602855
2013-02-01,Farmed,Low,0.09240401006754
2013-02-01,Farmed,Medium,0.08281687873323
2013-02-01,Mixed,Low,0.75573488891655
2013-02-01,Mixed,Medium,0.49170533939819
2013-02-01,Wild,High,0.82621438223278
2013-02-01,Wild,Low,0.11932107734307
2013-02-01,Wild,Medium,0.12632745565463
2013-03-01,Farmed,High,0.10987693075509
2013-03-01,Farmed,Low,0.09388636204672
2013-03-01,Farmed,Medium,0.08401090920449
2013-03-01,Mixed,Low,0.83908836838931
2013-03-01,Mixed,Medium,0.5826896053880101
2013-03-01,Wild,High,0.99643762690294
2013-03-01,Wild,Low,0.14089318447286
2013-03-01,Wild,Medium,0.23441685703402
2013-04-01,Farmed,High,0.11743074072385
2013-04-01,Farmed,Low,0.05183671726508
2013-04-01,Farmed,Medium,0.08218704955399
2013-04-01,Mixed,Low,0.75040618022108
2013-04-01,Mixed,Medium,0.5312505335580601
2013-04-01,Wild,High,0.91747532657123
2013-04-01,Wild,Low,0.16471157204297
2013-04-01,Wild,Medium,0.18397160517615
2013-05-01,Farmed,High,0.10518342897543
2013-05-01,Farmed,Low,0.0675851623068
2013-05-01,Farmed,Medium,0.08787095402299999
2013-05-01,Mixed,Low,0.73273082099508
2013-05-01,Mixed,Medium,0.52779499918263
2013-05-01,Wild,High,0.86462369995039
2013-05-01,Wild,Low,0.19221928809757
2013-05-01,Wild,Medium,0.13789602349833
2013-06-01,Farmed,High,0.14307067607807
2013-06-01,Farmed,Low,0.08200365325037
2013-06-01,Farmed,Medium,0.07897194487364001
2013-06-01,Mixed,Low,0.71243063526328
2013-06-01,Mixed,Medium,0.52436478945073
2013-06-01,Wild,High,0.84584560471075
2013-06-01,Wild,Low,0.19134771666550002
2013-06-01,Wild,Medium,0.13218936523418
2013-07-01,Farmed,High,0.11128889125511
2013-07-01,Farmed,Low,0.07779940505373001
2013-07-01,Farmed,Medium,0.07116809419872
2013-07-01,Mixed,Low,0.71423170119041
2013-07-01,Mixed,Medium,0.5101517303390201
2013-07-01,Wild,High,0.8553456792739
2013-07-01,Wild,Low,0.20633391199638002
2013-07-01,Wild,Medium,0.13437593223866
2013-08-01,Farmed,High,0.07724488558468
2013-08-01,Farmed,Low,0.07975959202533
2013-08-01,Farmed,Medium,0.06423582598577
2013-08-01,Mixed,Low,0.7165698189798401
2013-08-01,Mixed,Medium,0.48569028653716
2013-08-01,Wild,High,0.77614872670717
2013-08-01,Wild,Low,0.17191542279214
2013-08-01,Wild,Medium,0.1180664382495
2013-09-01,Farmed,High,0.13116283102881002
2013-09-01,Farmed,Low,0.09686983668381999
2013-09-01,Farmed,Medium,0.08010769336908
2013-09-01,Mixed,Low,0.756182753914
2013-09-01,Mixed,Medium,0.53405486281386
2013-09-01,Wild,High,0.80358839491513
2013-09-01,Wild,Low,0.19821931162096
2013-09-01,Wild,Medium,0.14320438291621
2013-10-01,Farmed,High,0.15092556054227002
2013-10-01,Farmed,Low,0.09496709562184
2013-10-01,Farmed,Medium,0.09757534419245001
2013-10-01,Mixed,Low,0.76531738438514
2013-10-01,Mixed,Medium,0.53995784089136
2013-10-01,Wild,High,0.8049304377804
2013-10-01,Wild,Low,0.19589701092444
2013-10-01,Wild,Medium,0.1478878803587
2013-11-01,Farmed,High,0.14353549071826
2013-11-01,Farmed,Low,0.09013746550043
2013-11-01,Farmed,Medium,0.10003273906758
2013-11-01,Mixed,Low,0.9034839814047599
2013-11-01,Mixed,Medium,0.60264207141048
2013-11-01,Wild,High,0.80276965889574
2013-11-01,Wild,Low,0.16094321655236
2013-11-01,Wild,Medium,0.11938307705595
2013-12-01,Farmed,High,0.18360408459571
2013-12-01,Farmed,Low,0.16073621626915
2013-12-01,Farmed,Medium,0.11253645091959
2013-12-01,Mixed,Low,1.70622797615679
2013-12-01,Mixed,Medium,0.91636821168845
2013-12-01,Wild,High,0.8646348114686699
2013-12-01,Wild,Low,0.12278422455344
2013-12-01,Wild,Medium,0.13411658715259
2014-01-01,Farmed,High,0.11543398153461
2014-01-01,Farmed,Low,0.12281555070353
2014-01-01,Farmed,Medium,0.11135073256637
2014-01-01,Mixed,Low,0.89670642639316
2014-01-01,Mixed,Medium,0.52545008563417
2014-01-01,Wild,High,0.85224863216391
2014-01-01,Wild,Low,0.12695295915349
2014-01-01,Wild,Medium,0.11303321450821001
2014-02-01,Farmed,High,0.10828070660134
2014-02-01,Farmed,Low,0.09629847565209
2014-02-01,Farmed,Medium,0.07910118040344
2014-02-01,Mixed,Low,0.70491259741609
2014-02-01,Mixed,Medium,0.44728489685051
2014-02-01,Wild,High,0.80981805762253
2014-02-01,Wild,Low,0.13860912957868
2014-02-01,Wild,Medium,0.1186326706248
2014-03-01,Farmed,High,0.14146336603382
2014-03-01,Farmed,Low,0.10222275569646999
2014-03-01,Farmed,Medium,0.07801503703723
2014-03-01,Mixed,Low,0.76098269112343
2014-03-01,Mixed,Medium,0.52150450019532
2014-03-01,Wild,High,0.93032830996861
2014-03-01,Wild,Low,0.15069406851663
2014-03-01,Wild,Medium,0.18306724349807
2014-04-01,Farmed,High,0.11410386216065001
2014-04-01,Farmed,Low,0.08747771141935
2014-04-01,Farmed,Medium,0.07237039774925999
2014-04-01,Mixed,Low,0.69570477787651
2014-04-01,Mixed,Medium,0.5337623216745
2014-04-01,Wild,High,0.89226272622781
2014-04-01,Wild,Low,0.17523246457894
2014-04-01,Wild,Medium,0.18145402812627
2014-05-01,Farmed,High,0.14633949363594
2014-05-01,Farmed,Low,0.08114838418335
2014-05-01,Farmed,Medium,0.08289306694071999
2014-05-01,Mixed,Low,0.6975422136096999
2014-05-01,Mixed,Medium,0.53770764832719
2014-05-01,Wild,High,0.84228688866976
2014-05-01,Wild,Low,0.21243267855098
2014-05-01,Wild,Medium,0.14138584150809
2014-06-01,Farmed,High,0.13378817362449
2014-06-01,Farmed,Low,0.07981839286393
2014-06-01,Farmed,Medium,0.06588204864806
2014-06-01,Mixed,Low,0.65440804835287
2014-06-01,Mixed,Medium,0.48137012410839
2014-06-01,Wild,High,0.8029429816052001
2014-06-01,Wild,Low,0.18462730129215998
2014-06-01,Wild,Medium,0.12915991051529
2014-07-01,Farmed,High,0.13142345127164
2014-07-01,Farmed,Low,0.08276365601276
2014-07-01,Farmed,Medium,0.08291932481243
2014-07-01,Mixed,Low,0.70638451688236
2014-07-01,Mixed,Medium,0.49503367647747
2014-07-01,Wild,High,0.85811019895158
2014-07-01,Wild,Low,0.17458977137832
2014-07-01,Wild,Medium,0.12000377949579
2014-08-01,Farmed,High,0.13254659191216
2014-08-01,Farmed,Low,0.09034618646756999
2014-08-01,Farmed,Medium,0.06922056860177
2014-08-01,Mixed,Low,0.66859247636061
2014-08-01,Mixed,Medium,0.45695688461881
2014-08-01,Wild,High,0.72332596899303
2014-08-01,Wild,Low,0.15431213775922
2014-08-01,Wild,Medium,0.10233643934164
2014-09-01,Farmed,High,0.15420661747886
2014-09-01,Farmed,Low,0.0922189706057
2014-09-01,Farmed,Medium,0.07489722152263
2014-09-01,Mixed,Low,0.71998872423044
2014-09-01,Mixed,Medium,0.50856337393553
2014-09-01,Wild,High,0.78977006325785
2014-09-01,Wild,Low,0.17996632828143
2014-09-01,Wild,Medium,0.12356027547931
2014-10-01,Farmed,High,0.19260647374252998
2014-10-01,Farmed,Low,0.10191307566711999
2014-10-01,Farmed,Medium,0.08796215242053
2014-10-01,Mixed,Low,0.75926389434421
2014-10-01,Mixed,Medium,0.52551643305173
2014-10-01,Wild,High,0.7814659388251299
2014-10-01,Wild,Low,0.16384255388089
2014-10-01,Wild,Medium,0.12314681372179
2014-11-01,Farmed,High,0.16527837602406
2014-11-01,Farmed,Low,0.09607489556332001
2014-11-01,Farmed,Medium,0.09569559759474999
2014-11-01,Mixed,Low,0.85906020741146
2014-11-01,Mixed,Medium,0.5777042319378001
2014-11-01,Wild,High,0.7705829366750699
2014-11-01,Wild,Low,0.1467500871058
2014-11-01,Wild,Medium,0.10881654298031
2014-12-01,Farmed,High,0.18674070301829
2014-12-01,Farmed,Low,0.18168355739658001
2014-12-01,Farmed,Medium,0.10671591703618
2014-12-01,Mixed,Low,1.69051991812185
2014-12-01,Mixed,Medium,0.9068223591440501
2014-12-01,Wild,High,0.86595291435147
2014-12-01,Wild,Low,0.09443202508216
2014-12-01,Wild,Medium,0.11766236195221
2015-01-01,Farmed,High,0.16133283462629
2015-01-01,Farmed,Low,0.12067385178397999
2015-01-01,Farmed,Medium,0.10128668049245
2015-01-01,Mixed,Low,0.85182891611075
2015-01-01,Mixed,Medium,0.50123852051494
2015-01-01,Wild,High,0.84795689848385
2015-01-01,Wild,Low,0.12357308899595
2015-01-01,Wild,Medium,0.10454005192219
2015-02-01,Farmed,High,0.15987658909245
2015-02-01,Farmed,Low,0.09097157657731
2015-02-01,Farmed,Medium,0.08184381404433999
2015-02-01,Mixed,Low,0.63808534344191
2015-02-01,Mixed,Medium,0.43718206941569
2015-02-01,Wild,High,0.78257795810141
2015-02-01,Wild,Low,0.11872850481276
2015-02-01,Wild,Medium,0.11003315212275
2015-03-01,Farmed,High,0.15536249223459
2015-03-01,Farmed,Low,0.09360797838097
2015-03-01,Farmed,Medium,0.0819250982616
2015-03-01,Mixed,Low,0.6931032848584799
2015-03-01,Mixed,Medium,0.50925767258121
2015-03-01,Wild,High,0.87969804010396
2015-03-01,Wild,Low,0.15345031357296
2015-03-01,Wild,Medium,0.18853881435721
2015-04-01,Farmed,High,0.15922436708865
2015-04-01,Farmed,Low,0.08114106423775
2015-04-01,Farmed,Medium,0.08638001586039
2015-04-01,Mixed,Low,0.65804600900502
2015-04-01,Mixed,Medium,0.46913591519894
2015-04-01,Wild,High,0.82514280611271
2015-04-01,Wild,Low,0.16007344619579
2015-04-01,Wild,Medium,0.16134537068805002
2015-05-01,Farmed,High,0.15930318251638
2015-05-01,Farmed,Low,0.055086771349440004
2015-05-01,Farmed,Medium,0.08559665210628001
2015-05-01,Mixed,Low,0.64496410555774
2015-05-01,Mixed,Medium,0.47915050961432
2015-05-01,Wild,High,0.82549152347493
2015-05-01,Wild,Low,0.21334208059824
2015-05-01,Wild,Medium,0.11670133696014999
2015-06-01,Farmed,High,0.15546559613069
2015-06-01,Farmed,Low,0.07778631484526999
2015-06-01,Farmed,Medium,0.07591990726808
2015-06-01,Mixed,Low,0.64772121397572
2015-06-01,Mixed,Medium,0.48345891835199
2015-06-01,Wild,High,0.77179198632767
2015-06-01,Wild,Low,0.19283978444575
2015-06-01,Wild,Medium,0.11024995838156
2015-07-01,Farmed,High,0.14370155307028
2015-07-01,Farmed,Low,0.06876611827703001
2015-07-01,Farmed,Medium,0.07967424727227
2015-07-01,Mixed,Low,0.65739647278777
2015-07-01,Mixed,Medium,0.46426409878543
2015-07-01,Wild,High,0.79524575365649
2015-07-01,Wild,Low,0.19629556299168
2015-07-01,Wild,Medium,0.11264156556906
2015-08-01,Farmed,High,0.12901113853007
2015-08-01,Farmed,Low,0.09451103123955
2015-08-01,Farmed,Medium,0.06314526085212
2015-08-01,Mixed,Low,0.63888789488921
2015-08-01,Mixed,Medium,0.42887208528943
2015-08-01,Wild,High,0.69904428418576
2015-08-01,Wild,Low,0.16020934058451
2015-08-01,Wild,Medium,0.1029753459834
2015-09-01,Farmed,High,0.15993412311952002
2015-09-01,Farmed,Low,0.10465508186736
2015-09-01,Farmed,Medium,0.06678325637544
2015-09-01,Mixed,Low,0.68228599458519
2015-09-01,Mixed,Medium,0.47354907656179
2015-09-01,Wild,High,0.77141677873942
2015-09-01,Wild,Low,0.17894474067907
2015-09-01,Wild,Medium,0.11411307890616
2015-10-01,Farmed,High,0.19196156631417
2015-10-01,Farmed,Low,0.11915308594997
2015-10-01,Farmed,Medium,0.09473370650579
2015-10-01,Mixed,Low,0.78525850109078
2015-10-01,Mixed,Medium,0.50796311942366
2015-10-01,Wild,High,0.78789534473447
2015-10-01,Wild,Low,0.17465142309832998
2015-10-01,Wild,Medium,0.11989636152068
2015-11-01,Farmed,High,0.18810197109458
2015-11-01,Farmed,Low,0.11264875247478999
2015-11-01,Farmed,Medium,0.09929147352235
2015-11-01,Mixed,Low,0.85301177632498
2015-11-01,Mixed,Medium,0.5790949020865
2015-11-01,Wild,High,0.72872400784179
2015-11-01,Wild,Low,0.16010441534806
2015-11-01,Wild,Medium,0.11021335425584
2015-12-01,Farmed,High,0.20284896626481
2015-12-01,Farmed,Low,0.16298042625629
2015-12-01,Farmed,Medium,0.11611818076144001
2015-12-01,Mixed,Low,1.72497530326477
2015-12-01,Mixed,Medium,0.90213288533475
2015-12-01,Wild,High,0.83519845735212
2015-12-01,Wild,Low,0.10880493482217
2015-12-01,Wild,Medium,0.11435927526037
2016-01-01,Farmed,High,0.15645664001779
2016-01-01,Farmed,Low,0.11878943247476
2016-01-01,Farmed,Medium,0.12300736493551
2016-01-01,Mixed,Low,0.78514464416734
2016-01-01,Mixed,Medium,0.46699648004041
2016-01-01,Wild,High,0.73215628548151
2016-01-01,Wild,Low,0.11530500356711
2016-01-01,Wild,Medium,0.09996941753583999
2016-02-01,Farmed,High,0.14471981417717
2016-02-01,Farmed,Low,0.10128282814339
2016-02-01,Farmed,Medium,0.09471743464184
2016-02-01,Mixed,Low,0.6602272507136799
2016-02-01,Mixed,Medium,0.45534282593331
2016-02-01,Wild,High,0.83975188860482
2016-02-01,Wild,Low,0.14447088415384
2016-02-01,Wild,Medium,0.11305037312425001
2016-03-01,Farmed,High,0.12569260655849998
2016-03-01,Farmed,Low,0.10123059091396
2016-03-01,Farmed,Medium,0.09410207365521
2016-03-01,Mixed,Low,0.71510166360121
2016-03-01,Mixed,Medium,0.52729003381709
2016-03-01,Wild,High,0.9297109629214699
2016-03-01,Wild,Low,0.16498489587979
2016-03-01,Wild,Medium,0.16615497291498
2016-04-01,Farmed,High,0.13916555440785
2016-04-01,Farmed,Low,0.0815211910712
2016-04-01,Farmed,Medium,0.09405168389833
2016-04-01,Mixed,Low,0.68446715828768
2016-04-01,Mixed,Medium,0.4552527143776
2016-04-01,Wild,High,0.84763067790677
2016-04-01,Wild,Low,0.1947750445033
2016-04-01,Wild,Medium,0.18111367500149
2016-05-01,Farmed,High,0.12957474190727
2016-05-01,Farmed,Low,0.053923163166989994
2016-05-01,Farmed,Medium,0.0857615893449
2016-05-01,Mixed,Low,0.57706828843865
2016-05-01,Mixed,Medium,0.44752395761531
2016-05-01,Wild,High,0.77726994778022
2016-05-01,Wild,Low,0.17037937904716
2016-05-01,Wild,Medium,0.13538114721335
2016-06-01,Farmed,High,0.11853769691285
2016-06-01,Farmed,Low,0.06447512223705
2016-06-01,Farmed,Medium,0.08585904295246
2016-06-01,Mixed,Low,0.61111604872286
2016-06-01,Mixed,Medium,0.46534256384002
2016-06-01,Wild,High,0.81308354943692
2016-06-01,Wild,Low,0.1880863828949
2016-06-01,Wild,Medium,0.13357363041382
2016-07-01,Farmed,High,0.11209439950071
2016-07-01,Farmed,Low,0.09722649827541
2016-07-01,Farmed,Medium,0.08181658621375
2016-07-01,Mixed,Low,0.63599071027799
2016-07-01,Mixed,Medium,0.45753034505637
2016-07-01,Wild,High,0.76008216572791
2016-07-01,Wild,Low,0.18964289560411
2016-07-01,Wild,Medium,0.1207587732904
2016-08-01,Farmed,High,0.11284161988829
2016-08-01,Farmed,Low,0.10176249215726
2016-08-01,Farmed,Medium,0.07480124772041
2016-08-01,Mixed,Low,0.59361802636847
2016-08-01,Mixed,Medium,0.42191193308901
2016-08-01,Wild,High,0.69054947462105
2016-08-01,Wild,Low,0.1470620657782
2016-08-01,Wild,Medium,0.09678096603214
2016-09-01,Farmed,High,0.13293686266478
2016-09-01,Farmed,Low,0.10219046110997
2016-09-01,Farmed,Medium,0.08968855057395
2016-09-01,Mixed,Low,0.6532074926377199
2016-09-01,Mixed,Medium,0.47556346767464003
2016-09-01,Wild,High,0.73399957331339
2016-09-01,Wild,Low,0.19619593541435
2016-09-01,Wild,Medium,0.09934732887881
2016-10-01,Farmed,High,0.13697496109957
2016-10-01,Farmed,Low,0.12486560339914
2016-10-01,Farmed,Medium,0.10362817518352
2016-10-01,Mixed,Low,0.73395898769015
2016-10-01,Mixed,Medium,0.53969798750309
2016-10-01,Wild,High,0.76895987273142
2016-10-01,Wild,Low,0.17636526300844999
2016-10-01,Wild,Medium,0.12068982702718001
2016-11-01,Farmed,High,0.13117307219184
2016-11-01,Farmed,Low,0.10958416471535
2016-11-01,Farmed,Medium,0.10913829054161
2016-11-01,Mixed,Low,0.84495206549822
2016-11-01,Mixed,Medium,0.59297212513432
2016-11-01,Wild,High,0.73471286173529
2016-11-01,Wild,Low,0.15940226209853
2016-11-01,Wild,Medium,0.10882138179761
2016-12-01,Farmed,High,0.17216473050431
2016-12-01,Farmed,Low,0.15816681323804999
2016-12-01,Farmed,Medium,0.11967173160380999
2016-12-01,Mixed,Low,1.62457325400663
2016-12-01,Mixed,Medium,0.90864426987256
2016-12-01,Wild,High,0.81091320429111
2016-12-01,Wild,Low,0.10304809386075
2016-12-01,Wild,Medium,0.11401077182043
2017-01-01,Farmed,High,0.12568633391682998
2017-01-01,Farmed,Low,0.10985956414271
2017-01-01,Farmed,Medium,0.09824198061274
2017-01-01,Mixed,Low,0.7169263076039
2017-01-01,Mixed,Medium,0.45068237298118
2017-01-01,Wild,High,0.7102820186948701
2017-01-01,Wild,Low,0.10587086163346
2017-01-01,Wild,Medium,0.08650038727415
2017-02-01,Farmed,High,0.12814797241485
2017-02-01,Farmed,Low,0.0941574216159
2017-02-01,Farmed,Medium,0.08632780284059
2017-02-01,Mixed,Low,0.56387522174319
2017-02-01,Mixed,Medium,0.38622255767977
2017-02-01,Wild,High,0.74323474846181
2017-02-01,Wild,Low,0.12961734953664
2017-02-01,Wild,Medium,0.09772021681052
2017-03-01,Farmed,High,0.14115988323406
2017-03-01,Farmed,Low,0.0969929213331
2017-03-01,Farmed,Medium,0.09477180386048001
2017-03-01,Mixed,Low,0.65392383173682
2017-03-01,Mixed,Medium,0.47668125811938
2017-03-01,Wild,High,0.88550332353511
2017-03-01,Wild,Low,0.16836119863867
2017-03-01,Wild,Medium,0.15731273597999
2017-04-01,Farmed,High,0.12038838544483
2017-04-01,Farmed,Low,0.08241120866907
2017-04-01,Farmed,Medium,0.08438705868753
2017-04-01,Mixed,Low,0.59039597965626
2017-04-01,Mixed,Medium,0.42361384538637
2017-04-01,Wild,High,0.7719986738216
2017-04-01,Wild,Low,0.14443964185644
2017-04-01,Wild,Medium,0.1532439567528
2017-05-01,Farmed,High,0.11146696614315
2017-05-01,Farmed,Low,0.0761161488132
2017-05-01,Farmed,Medium,0.08574320938416
2017-05-01,Mixed,Low,0.53626314835276
2017-05-01,Mixed,Medium,0.39663934783573
2017-05-01,Wild,High,0.7290635448567
2017-05-01,Wild,Low,0.16847622949345
2017-05-01,Wild,Medium,0.10604857370284
2017-06-01,Farmed,High,0.11351627426954
2017-06-01,Farmed,Low,0.08207263692436
2017-06-01,Farmed,Medium,0.07399349922571
2017-06-01,Mixed,Low,0.5725130291977
2017-06-01,Mixed,Medium,0.43169056463709
2017-06-01,Wild,High,0.77914485631917
2017-06-01,Wild,Low,0.18277210704849
2017-06-01,Wild,Medium,0.10183638533817
2017-07-01,Farmed,High,0.12193797711196
2017-07-01,Farmed,Low,0.09357045794896
2017-07-01,Farmed,Medium,0.0823705598877
2017-07-01,Mixed,Low,0.62092889384873
2017-07-01,Mixed,Medium,0.43960898408371
2017-07-01,Wild,High,0.74045816853818
2017-07-01,Wild,Low,0.18005904481985
2017-07-01,Wild,Medium,0.1073517025053
2017-08-01,Farmed,High,0.11195432418007
2017-08-01,Farmed,Low,0.08997706533188
2017-08-01,Farmed,Medium,0.06965903979153
2017-08-01,Mixed,Low,0.58896480791604
2017-08-01,Mixed,Medium,0.40520880995223
2017-08-01,Wild,High,0.66622098272949
2017-08-01,Wild,Low,0.14686174046326
2017-08-01,Wild,Medium,0.08873520351106
2017-09-01,Farmed,High,0.15182870888052
2017-09-01,Farmed,Low,0.11249197124310001
2017-09-01,Farmed,Medium,0.09425873331511
2017-09-01,Mixed,Low,0.65287993849293
2017-09-01,Mixed,Medium,0.46469537544959
2017-09-01,Wild,High,0.72683234576711
2017-09-01,Wild,Low,0.17247169620197
2017-09-01,Wild,Medium,0.10547851154441
2017-10-01,Farmed,High,0.14021998594733
2017-10-01,Farmed,Low,0.10813743408677
2017-10-01,Farmed,Medium,0.08402749271002999
2017-10-01,Mixed,Low,0.6427612766162499
2017-10-01,Mixed,Medium,0.47035132700729
2017-10-01,Wild,High,0.67945047604514
2017-10-01,Wild,Low,0.16665247200257
2017-10-01,Wild,Medium,0.09383083094543
2017-11-01,Farmed,High,0.15620232590259
2017-11-01,Farmed,Low,0.10375980875587999
2017-11-01,Farmed,Medium,0.08545661343977001
2017-11-01,Mixed,Low,0.77007361256871
2017-11-01,Mixed,Medium,0.5475013721698501
2017-11-01,Wild,High,0.67690202175716
2017-11-01,Wild,Low,0.13962065307044
2017-11-01,Wild,Medium,0.09412416718966
2017-12-01,Farmed,High,0.18779593639932998
2017-12-01,Farmed,Low,0.16387667264779998
2017-12-01,Farmed,Medium,0.09905350911808
2017-12-01,Mixed,Low,1.53257620128425
2017-12-01,Mixed,Medium,0.83980419583802
2017-12-01,Wild,High,0.75014279825543
2017-12-01,Wild,Low,0.07406674333496
2017-12-01,Wild,Medium,0.09832210688363
2018-01-01,Farmed,High,0.15603763724439
2018-01-01,Farmed,Low,0.10438781994167
2018-01-01,Farmed,Medium,0.10480484625753
2018-01-01,Mixed,Low,0.66919913499191
2018-01-01,Mixed,Medium,0.44224933740706
2018-01-01,Wild,High,0.7198750882820301
2018-01-01,Wild,Low,0.12240140161649
2018-01-01,Wild,Medium,0.0793361810671
2018-02-01,Farmed,High,0.12121296438199
2018-02-01,Farmed,Low,0.08283051276640001
2018-02-01,Farmed,Medium,0.09592597970691
2018-02-01,Mixed,Low,0.52428444864368
2018-02-01,Mixed,Medium,0.37602070624219003
2018-02-01,Wild,High,0.73798943727329
2018-02-01,Wild,Low,0.12472880383206
2018-02-01,Wild,Medium,0.09381543858252
2018-03-01,Farmed,High,0.12705204566769
2018-03-01,Farmed,Low,0.09964166465583
2018-03-01,Farmed,Medium,0.09891417779473
2018-03-01,Mixed,Low,0.62470383949296
2018-03-01,Mixed,Medium,0.46610966085752
2018-03-01,Wild,High,0.8516247507393
2018-03-01,Wild,Low,0.12025588590818999
2018-03-01,Wild,Medium,0.15927591547382
2018-04-01,Farmed,High,0.12365054402063
2018-04-01,Farmed,Low,0.07209934908839
2018-04-01,Farmed,Medium,0.0906178740042
2018-04-01,Mixed,Low,0.54846019209272
2018-04-01,Mixed,Medium,0.41232353941194
2018-04-01,Wild,High,0.70325336132858
2018-04-01,Wild,Low,0.14605106762048
2018-04-01,Wild,Medium,0.15707619145043
2018-05-01,Farmed,High,0.11084617854591
2018-05-01,Farmed,Low,0.0727183285952
2018-05-01,Farmed,Medium,0.09439850558463
2018-05-01,Mixed,Low,0.55113345584081
2018-05-01,Mixed,Medium,0.41994911808004
2018-05-01,Wild,High,0.70855263348297
2018-05-01,Wild,Low,0.18642163036103998
2018-05-01,Wild,Medium,0.12705402297123
2018-06-01,Farmed,High,0.11960954278161999
2018-06-01,Farmed,Low,0.08421683419343999
2018-06-01,Farmed,Medium,0.09252704682327001
2018-06-01,Mixed,Low,0.57552523369594
2018-06-01,Mixed,Medium,0.44048849193895
2018-06-01,Wild,High,0.72184505063979
2018-06-01,Wild,Low,0.19783059301262002
2018-06-01,Wild,Medium,0.10810891919169001
2018-07-01,Farmed,High,0.11607454388901
2018-07-01,Farmed,Low,0.0850997691527
2018-07-01,Farmed,Medium,0.07337459483599
2018-07-01,Mixed,Low,0.58489982758308
2018-07-01,Mixed,Medium,0.42615891189833
2018-07-01,Wild,High,0.72552846716919
2018-07-01,Wild,Low,0.17004603748857
2018-07-01,Wild,Medium,0.10588438782095
2018-08-01,Farmed,High,0.12470298727757
2018-08-01,Farmed,Low,0.07689364228192
2018-08-01,Farmed,Medium,0.06975323447661
2018-08-01,Mixed,Low,0.5492660636673
2018-08-01,Mixed,Medium,0.38684516674139
2018-08-01,Wild,High,0.63141725241847
2018-08-01,Wild,Low,0.1555449954481
2018-08-01,Wild,Medium,0.08951769160925
2018-09-01,Farmed,High,0.1392210213966
2018-09-01,Farmed,Low,0.09347375447907
2018-09-01,Farmed,Medium,0.08868490254093
2018-09-01,Mixed,Low,0.56621038501211
2018-09-01,Mixed,Medium,0.41002165828388
2018-09-01,Wild,High,0.6468910059685
2018-09-01,Wild,Low,0.1618637809209
2018-09-01,Wild,Medium,0.10041562198553
2018-10-01,Farmed,High,0.15794220899225
2018-10-01,Farmed,Low,0.10607774939459001
2018-10-01,Farmed,Medium,0.10004266304501
2018-10-01,Mixed,Low,0.62622802598376
2018-10-01,Mixed,Medium,0.45707818495311
2018-10-01,Wild,High,0.65654520868007
2018-10-01,Wild,Low,0.15946134504258
2018-10-01,Wild,Medium,0.09604837924581
2018-11-01,Farmed,High,0.16026265810299
2018-11-01,Farmed,Low,0.11271035921731
2018-11-01,Farmed,Medium,0.10380063551117
2018-11-01,Mixed,Low,0.79263655671905
2018-11-01,Mixed,Medium,0.5321097877842
2018-11-01,Wild,High,0.63314961621266
2018-11-01,Wild,Low,0.13569142137765
2018-11-01,Wild,Medium,0.08916523609917
2018-12-01,Farmed,High,0.18987875290201
2018-12-01,Farmed,Low,0.16272728820979
2018-12-01,Farmed,Medium,0.11576984147614
2018-12-01,Mixed,Low,1.51963772624175
2018-12-01,Mixed,Medium,0.82240571550048
2018-12-01,Wild,High,0.73349721089138
2018-12-01,Wild,Low,0.08416926101047
2018-12-01,Wild,Medium,0.09381014941054
2019-01-01,Farmed,High,0.15093110462144
2019-01-01,Farmed,Low,0.09346132621794001
2019-01-01,Farmed,Medium,0.11792957962863
2019-01-01,Mixed,Low,0.6395176042944
2019-01-01,Mixed,Medium,0.41409712865448
2019-01-01,Wild,High,0.69117223116784
2019-01-01,Wild,Low,0.11170560845671
2019-01-01,Wild,Medium,0.08998668225149
2019-02-01,Farmed,High,0.13275402078736
2019-02-01,Farmed,Low,0.08572808591326
2019-02-01,Farmed,Medium,0.09906929284426
2019-02-01,Mixed,Low,0.54990289694873
2019-02-01,Mixed,Medium,0.36269751207446
2019-02-01,Wild,High,0.66029889420257
2019-02-01,Wild,Low,0.13470165382289
2019-02-01,Wild,Medium,0.08652897290855
2019-03-01,Farmed,High,0.1373887706941
2019-03-01,Farmed,Low,0.08226128496116
2019-03-01,Farmed,Medium,0.11030244061899999
2019-03-01,Mixed,Low,0.59588156941643
2019-03-01,Mixed,Medium,0.42644901873476
2019-03-01,Wild,High,0.7444680858954
2019-03-01,Wild,Low,0.14219523285709
2019-03-01,Wild,Medium,0.13850871736575002
2019-04-01,Farmed,High,0.12222238798667999
2019-04-01,Farmed,Low,0.06588361411367
2019-04-01,Farmed,Medium,0.09999792308437
2019-04-01,Mixed,Low,0.60961430994235
2019-04-01,Mixed,Medium,0.42835873580972
2019-04-01,Wild,High,0.73614951931813
2019-04-01,Wild,Low,0.13972458036265
2019-04-01,Wild,Medium,0.14558177771252
2019-05-01,Farmed,High,0.16115223598665
2019-05-01,Farmed,Low,0.050605101993179996
2019-05-01,Farmed,Medium,0.10851529571116
2019-05-01,Mixed,Low,0.54357733542371
2019-05-01,Mixed,Medium,0.41482907105517997
2019-05-01,Wild,High,0.66804317651745
2019-05-01,Wild,Low,0.15158738505649
2019-05-01,Wild,Medium,0.13137287279501
2019-06-01,Farmed,High,0.13717122635542
2019-06-01,Farmed,Low,0.06588716542189
2019-06-01,Farmed,Medium,0.09783645988423001
2019-06-01,Mixed,Low,0.55880161364762
2019-06-01,Mixed,Medium,0.42852086018424
2019-06-01,Wild,High,0.66076118650788
2019-06-01,Wild,Low,0.15343689466562
2019-06-01,Wild,Medium,0.10470587026646
2019-07-01,Farmed,High,0.11800962802361
2019-07-01,Farmed,Low,0.07856852302654
2019-07-01,Farmed,Medium,0.09135217868762
2019-07-01,Mixed,Low,0.54904000224749006
2019-07-01,Mixed,Medium,0.42615921854261
2019-07-01,Wild,High,0.69877390179067
2019-07-01,Wild,Low,0.16961573344668002
2019-07-01,Wild,Medium,0.09706374595029
2019-08-01,Farmed,High,0.11937865321994
2019-08-01,Farmed,Low,0.08397640205372
2019-08-01,Farmed,Medium,0.08890138576777
2019-08-01,Mixed,Low,0.57599110943299
2019-08-01,Mixed,Medium,0.40828551466531
2019-08-01,Wild,High,0.63655954355026
2019-08-01,Wild,Low,0.12898958053131
2019-08-01,Wild,Medium,0.08133722545847
2019-09-01,Farmed,High,0.15573212170538
2019-09-01,Farmed,Low,0.08411802727126
2019-09-01,Farmed,Medium,0.0950594582748
2019-09-01,Mixed,Low,0.58185116157506
2019-09-01,Mixed,Medium,0.41473473373959
2019-09-01,Wild,High,0.61182458645923
2019-09-01,Wild,Low,0.12583405673053
2019-09-01,Wild,Medium,0.09387770474773
2019-10-01,Farmed,High,0.18299326280248998
2019-10-01,Farmed,Low,0.09415402210993001
2019-10-01,Farmed,Medium,0.10653298061696
2019-10-01,Mixed,Low,0.62035782623572
2019-10-01,Mixed,Medium,0.45466070656520996
2019-10-01,Wild,High,0.62519273173243
2019-10-01,Wild,Low,0.13998586385339
2019-10-01,Wild,Medium,0.09052498989713
2019-11-01,Farmed,High,0.16793425947082
2019-11-01,Farmed,Low,0.10175826840687
2019-11-01,Farmed,Medium,0.12438912308002001
2019-11-01,Mixed,Low,0.81063570823001
2019-11-01,Mixed,Medium,0.52566383933306
2019-11-01,Wild,High,0.63188041746741
2019-11-01,Wild,Low,0.10336932869989
2019-11-01,Wild,Medium,0.08892511449049
2019-12-01,Farmed,High,0.18089479803221
2019-12-01,Farmed,Low,0.14405032742958
2019-12-01,Farmed,Medium,0.12464233265637
2019-12-01,Mixed,Low,1.45766341012841
2019-12-01,Mixed,Medium,0.84060408487971
2019-12-01,Wild,High,0.66982389524853
2019-12-01,Wild,Low,0.06582748046232
2019-12-01,Wild,Medium,0.08602916768799
2020-01-01,Farmed,High,0.14581672982629
2020-01-01,Farmed,Low,0.08781823116896
2020-01-01,Farmed,Medium,0.12550849517536
2020-01-01,Mixed,Low,0.66209591952823
2020-01-01,Mixed,Medium,0.40725175980968
2020-01-01,Wild,High,0.63234576449095
2020-01-01,Wild,Low,0.08147147754757
2020-01-01,Wild,Medium,0.08246702580058
2020-02-01,Farmed,High,0.14268855140837
2020-02-01,Farmed,Low,0.07383598252284
2020-02-01,Farmed,Medium,0.11668110637424
2020-02-01,Mixed,Low,0.5510127789462
2020-02-01,Mixed,Medium,0.3854792406721
2020-02-01,Wild,High,0.67467135352158
2020-02-01,Wild,Low,0.11675524167151001
2020-02-01,Wild,Medium,0.09710296370111
2020-03-01,Farmed,High,0.15982840130651
2020-03-01,Farmed,Low,0.05205570767598
2020-03-01,Farmed,Medium,0.13148024207362
2020-03-01,Mixed,Low,0.54544006531251
2020-03-01,Mixed,Medium,0.43833544301104
2020-03-01,Wild,High,0.84127460437284
2020-03-01,Wild,Low,0.11274249864441
2020-03-01,Wild,Medium,0.15059181514555
2020-04-01,Farmed,High,0.21084609029940002
2020-04-01,Farmed,Low,0.07288694970777
2020-04-01,Farmed,Medium,0.14731569297730002
2020-04-01,Mixed,Low,0.71719262145273
2020-04-01,Mixed,Medium,0.53812998433628
2020-04-01,Wild,High,0.86984478968261
2020-04-01,Wild,Low,0.13704822143044001
2020-04-01,Wild,Medium,0.16084986096525
2020-05-01,Farmed,High,0.19374334724262
2020-05-01,Farmed,Low,0.06690251923888
2020-05-01,Farmed,Medium,0.14221466541584
2020-05-01,Mixed,Low,0.71419883859471
2020-05-01,Mixed,Medium,0.52812237674331
2020-05-01,Wild,High,0.8257320171797901
2020-05-01,Wild,Low,0.20200659197603002
2020-05-01,Wild,Medium,0.13415148964702
2020-06-01,Farmed,High,0.16506245393606
2020-06-01,Farmed,Low,0.06430225964628
2020-06-01,Farmed,Medium,0.12450871228821
2020-06-01,Mixed,Low,0.65554175794797
2020-06-01,Mixed,Medium,0.47526011812918
2020-06-01,Wild,High,0.7415894173804
2020-06-01,Wild,Low,0.17628042175365
2020-06-01,Wild,Medium,0.10431414656861
2020-07-01,Farmed,High,0.14993139347608
2020-07-01,Farmed,Low,0.09169693368527
2020-07-01,Farmed,Medium,0.09475323728901999
2020-07-01,Mixed,Low,0.63863248636594006
2020-07-01,Mixed,Medium,0.43870102357442
2020-07-01,Wild,High,0.73470119127099
2020-07-01,Wild,Low,0.1895087867774
2020-07-01,Wild,Medium,0.09885348895045999
2020-08-01,Farmed,High,0.15813636124716
2020-08-01,Farmed,Low,0.09093599298822
2020-08-01,Farmed,Medium,0.08908564518295001
2020-08-01,Mixed,Low,0.62248798529632
2020-08-01,Mixed,Medium,0.41227264987255996
2020-08-01,Wild,High,0.62088370938126
2020-08-01,Wild,Low,0.14774899351212
2020-08-01,Wild,Medium,0.08240164960762
2020-09-01,Farmed,High,0.19127838540029
2020-09-01,Farmed,Low,0.08967636345081999
2020-09-01,Farmed,Medium,0.11578730830304
2020-09-01,Mixed,Low,0.64931355526469
2020-09-01,Mixed,Medium,0.43214564641322
2020-09-01,Wild,High,0.6720124933885799
2020-09-01,Wild,Low,0.17990589410035002
2020-09-01,Wild,Medium,0.0963638141311
2020-10-01,Farmed,High,0.22258574358594002
2020-10-01,Farmed,Low,0.09007427370894999
2020-10-01,Farmed,Medium,0.15279218797137
2020-10-01,Mixed,Low,0.77887292879386
2020-10-01,Mixed,Medium,0.48505683540502
2020-10-01,Wild,High,0.71462545581356
2020-10-01,Wild,Low,0.16212555909853
2020-10-01,Wild,Medium,0.09242867578179
2020-11-01,Farmed,High,0.20845069351602
2020-11-01,Farmed,Low,0.10695949556266
2020-11-01,Farmed,Medium,0.1383564720429
2020-11-01,Mixed,Low,0.85862640203538
2020-11-01,Mixed,Medium,0.5103488355845001
2020-11-01,Wild,High,0.70771177639077
2020-11-01,Wild,Low,0.15158845136516
2020-11-01,Wild,Medium,0.08705987282437
2020-12-01,Farmed,High,0.24470177867573
2020-12-01,Farmed,Low,0.15669213719883998
2020-12-01,Farmed,Medium,0.15606476116238
2020-12-01,Mixed,Low,1.73058312692012
2020-12-01,Mixed,Medium,0.93697423041537
2020-12-01,Wild,High,0.7567459949609799
2020-12-01,Wild,Low,0.07507956790575
2020-12-01,Wild,Medium,0.08385024661110001
2021-01-01,Farmed,High,0.21156440988616002
2021-01-01,Farmed,Low,0.09326668576845
2021-01-01,Farmed,Medium,0.13660850394334
2021-01-01,Mixed,Low,0.72212442757198
2021-01-01,Mixed,Medium,0.43772743682453
2021-01-01,Wild,High,0.67092987571864
2021-01-01,Wild,Low,0.08456863573995
2021-01-01,Wild,Medium,0.0519022744866
2021-02-01,Farmed,High,0.21671894928618998
2021-02-01,Farmed,Low,0.09323700674214999
2021-02-01,Farmed,Medium,0.12881137281668
2021-02-01,Mixed,Low,0.6700506111301601
2021-02-01,Mixed,Medium,0.44431606365533
2021-02-01,Wild,High,0.7309792018624199
2021-02-01,Wild,Low,0.09596394740127
2021-02-01,Wild,Medium,0.05201266694346
2021-03-01,Farmed,High,0.19384000870449
2021-03-01,Farmed,Low,0.07760111974653999
2021-03-01,Farmed,Medium,0.12114756654135
2021-03-01,Mixed,Low,0.68510172752735
2021-03-01,Mixed,Medium,0.49039114312304
2021-03-01,Wild,High,0.82364340188013
2021-03-01,Wild,Low,0.13825322297091
2021-03-01,Wild,Medium,0.09054931468305
2021-04-01,Farmed,High,0.16628294805851002
2021-04-01,Farmed,Low,0.05155641729806
2021-04-01,Farmed,Medium,0.1299376677048
2021-04-01,Mixed,Low,0.67386116131675
2021-04-01,Mixed,Medium,0.47121414114266
2021-04-01,Wild,High,0.73701659673792
2021-04-01,Wild,Low,0.11932469968383
2021-04-01,Wild,Medium,0.10443010752883
2021-05-01,Farmed,High,0.14674024270647
2021-05-01,Farmed,Low,0.04606364078917
2021-05-01,Farmed,Medium,0.12492417225979
2021-05-01,Mixed,Low,0.57786198837599
2021-05-01,Mixed,Medium,0.43369170679283997
2021-05-01,Wild,High,0.69400606498995
2021-05-01,Wild,Low,0.14525393691729999
2021-05-01,Wild,Medium,0.07261038226642
2021-06-01,Farmed,High,0.16034979824397
2021-06-01,Farmed,Low,0.05235915446197
2021-06-01,Farmed,Medium,0.11261618449454999
2021-06-01,Mixed,Low,0.57272927078505
2021-06-01,Mixed,Medium,0.4281612216477
2021-06-01,Wild,High,0.64077279759185
2021-06-01,Wild,Low,0.15303346691008
2021-06-01,Wild,Medium,0.05457439204489
2021-07-01,Farmed,High,0.13961588652585
2021-07-01,Farmed,Low,0.08124606256979
2021-07-01,Farmed,Medium,0.0994764386044
2021-07-01,Mixed,Low,0.63477689552057
2021-07-01,Mixed,Medium,0.43185004921357
2021-07-01,Wild,High,0.7021430773053
2021-07-01,Wild,Low,0.16136474467126
2021-07-01,Wild,Medium,0.04907772456516
2021-08-01,Farmed,High,0.13894367766329
2021-08-01,Farmed,Low,0.07225289073488
2021-08-01,Farmed,Medium,0.09808007042736
2021-08-01,Mixed,Low,0.55904451327089
2021-08-01,Mixed,Medium,0.39469707399626996
2021-08-01,Wild,High,0.61334320274091
2021-08-01,Wild,Low,0.15571448167578
2021-08-01,Wild,Medium,0.04580286968756
2021-09-01,Farmed,High,0.1744853826162
2021-09-01,Farmed,Low,0.06825773670134
2021-09-01,Farmed,Medium,0.10989599350081
2021-09-01,Mixed,Low,0.56636924422209
2021-09-01,Mixed,Medium,0.4006491607934
2021-09-01,Wild,High,0.61553654774624
2021-09-01,Wild,Low,0.14170828026359
2021-09-01,Wild,Medium,0.04637125781885
2021-10-01,Farmed,High,0.18280415518671
2021-10-01,Farmed,Low,0.07967653459804999
2021-10-01,Farmed,Medium,0.11804824586721999
2021-10-01,Mixed,Low,0.6563782376810899
2021-10-01,Mixed,Medium,0.44679900878573
2021-10-01,Wild,High,0.63537563656126
2021-10-01,Wild,Low,0.14146787733366
2021-10-01,Wild,Medium,0.04801550231136
2021-11-01,Farmed,High,0.17931496582200002
2021-11-01,Farmed,Low,0.08311011863742
2021-11-01,Farmed,Medium,0.12404223042682
2021-11-01,Mixed,Low,0.7733585107962601
2021-11-01,Mixed,Medium,0.50020684673448
2021-11-01,Wild,High,0.63827945385975
2021-11-01,Wild,Low,0.13024024772896
2021-11-01,Wild,Medium,0.04167221379184
