date,type,value
1999-01-01,Fresh,1.5728708677931682
1999-01-01,Frozen,0.5161796694682804
1999-01-01,Preserved,0.2688366336096935
1999-02-01,Fresh,1.4085697285092404
1999-02-01,Frozen,0.36711617323450635
1999-02-01,Preserved,0.2225134468798389
1999-03-01,Fresh,1.6138097531531297
1999-03-01,Frozen,0.4287471763706666
1999-03-01,Preserved,0.2970613599305538
1999-04-01,Fresh,1.244390390122062
1999-04-01,Frozen,0.4182830758727543
1999-04-01,Preserved,0.27529107866090496
1999-05-01,Fresh,1.4111255423879485
1999-05-01,Frozen,0.4069648653828203
1999-05-01,Preserved,0.26997494569413094
1999-06-01,Fresh,1.309517780728497
1999-06-01,Frozen,0.38967339856957434
1999-06-01,Preserved,0.28571658381293363
1999-07-01,Fresh,1.4875693891504138
1999-07-01,Frozen,0.41559242890258247
1999-07-01,Preserved,0.3205824664361957
1999-08-01,Fresh,1.1900140589163755
1999-08-01,Frozen,0.3941609846954962
1999-08-01,Preserved,0.267987536000254
1999-09-01,Fresh,1.50411651715019
1999-09-01,Frozen,0.41409472898699495
1999-09-01,Preserved,0.2843905580007895
1999-10-01,Fresh,1.6593176758559751
1999-10-01,Frozen,0.4355399572461825
1999-10-01,Preserved,0.29583182248311873
1999-11-01,Fresh,1.5147034210213686
1999-11-01,Frozen,0.4552792210934885
1999-11-01,Preserved,0.2601714772205641
1999-12-01,Fresh,1.9646497176664324
1999-12-01,Frozen,0.9490096820713493
1999-12-01,Preserved,0.3840109099663642
2000-01-01,Fresh,1.450803456394378
2000-01-01,Frozen,0.5239515809822219
2000-01-01,Preserved,0.24951459578342303
2000-02-01,Fresh,1.4324058414730287
2000-02-01,Frozen,0.4140663649685646
2000-02-01,Preserved,0.26458714014307855
2000-03-01,Fresh,1.5882328380069293
2000-03-01,Frozen,0.47401445287202065
2000-03-01,Preserved,0.33439624438605925
2000-04-01,Fresh,1.4570730291161618
2000-04-01,Frozen,0.49190340200414245
2000-04-01,Preserved,0.3848571815813115
2000-05-01,Fresh,1.4024037451864142
2000-05-01,Frozen,0.4306058230171142
2000-05-01,Preserved,0.30893515084055995
2000-06-01,Fresh,1.3406553428351904
2000-06-01,Frozen,0.46314131821981686
2000-06-01,Preserved,0.342063717087901
2000-07-01,Fresh,1.3441164548085462
2000-07-01,Frozen,0.4378840385410601
2000-07-01,Preserved,0.34636590260635325
2000-08-01,Fresh,1.3073912316776892
2000-08-01,Frozen,0.4200191697318056
2000-08-01,Preserved,0.3014620584769149
2000-09-01,Fresh,1.484974924047548
2000-09-01,Frozen,0.49376751689497095
2000-09-01,Preserved,0.3108685276909758
2000-10-01,Fresh,1.6047814813332737
2000-10-01,Frozen,0.5075243322732187
2000-10-01,Preserved,0.2913582529027079
2000-11-01,Fresh,1.4806786965471248
2000-11-01,Frozen,0.5075076994728878
2000-11-01,Preserved,0.25682955241854794
2000-12-01,Fresh,1.9486892050011553
2000-12-01,Frozen,1.069425757342012
2000-12-01,Preserved,0.39985897447687246
2001-01-01,Fresh,1.5666045853519548
2001-01-01,Frozen,0.6052765627553742
2001-01-01,Preserved,0.2533985227825069
2001-02-01,Fresh,1.5735944583941381
2001-02-01,Frozen,0.5062725889306773
2001-02-01,Preserved,0.26591804128064506
2001-03-01,Fresh,1.7746305687489956
2001-03-01,Frozen,0.567244439965612
2001-03-01,Preserved,0.35556307040828883
2001-04-01,Fresh,1.6601256034540413
2001-04-01,Frozen,0.6024630740090435
2001-04-01,Preserved,0.3552900960413825
2001-05-01,Fresh,1.537961298570011
2001-05-01,Frozen,0.5229833138622377
2001-05-01,Preserved,0.3106344540430314
2001-06-01,Fresh,1.4725588635799054
2001-06-01,Frozen,0.5032451673320923
2001-06-01,Preserved,0.34596252486885154
2001-07-01,Fresh,1.3899076600644638
2001-07-01,Frozen,0.4818491647147905
2001-07-01,Preserved,0.33684740433481763
2001-08-01,Fresh,1.2687196399750158
2001-08-01,Frozen,0.4549027656489366
2001-08-01,Preserved,0.2965825735558258
2001-09-01,Fresh,1.5909595806993952
2001-09-01,Frozen,0.5164472452653092
2001-09-01,Preserved,0.3161794157078079
2001-10-01,Fresh,1.9791380237226466
2001-10-01,Frozen,0.6287592753068455
2001-10-01,Preserved,0.3100277345451836
2001-11-01,Fresh,1.6830673079842233
2001-11-01,Frozen,0.6249082369306448
2001-11-01,Preserved,0.2671700178340215
2001-12-01,Fresh,1.9812983502734116
2001-12-01,Frozen,1.2129167623818429
2001-12-01,Preserved,0.3788832335177471
2002-01-01,Fresh,1.7205430487500708
2002-01-01,Frozen,0.6496125998853203
2002-01-01,Preserved,0.26808817996076706
2002-02-01,Fresh,1.6478911723116934
2002-02-01,Frozen,0.5406757790107732
2002-02-01,Preserved,0.2679755447529291
2002-03-01,Fresh,1.789684516301078
2002-03-01,Frozen,0.6402285534482466
2002-03-01,Preserved,0.38663253048242735
2002-04-01,Fresh,1.629521835560735
2002-04-01,Frozen,0.6021042403786332
2002-04-01,Preserved,0.32296084675499864
2002-05-01,Fresh,1.6101835302108685
2002-05-01,Frozen,0.605433364829115
2002-05-01,Preserved,0.3366737141889384
2002-06-01,Fresh,1.4759859347434825
2002-06-01,Frozen,0.5448248276326456
2002-06-01,Preserved,0.3469036842354556
2002-07-01,Fresh,1.432337369360115
2002-07-01,Frozen,0.5340891690136793
2002-07-01,Preserved,0.36488203980928224
2002-08-01,Fresh,1.3291400029231446
2002-08-01,Frozen,0.5898555489360613
2002-08-01,Preserved,0.3257799203165977
2002-09-01,Fresh,1.530413273478033
2002-09-01,Frozen,0.5590062456991257
2002-09-01,Preserved,0.33386763469653646
2002-10-01,Fresh,1.8864658871114057
2002-10-01,Frozen,0.6543155287401161
2002-10-01,Preserved,0.3229257520852923
2002-11-01,Fresh,1.6874767618720812
2002-11-01,Frozen,0.6735990191198477
2002-11-01,Preserved,0.3204579858203208
2002-12-01,Fresh,2.194997032382076
2002-12-01,Frozen,1.4027306242294755
2002-12-01,Preserved,0.502440755199634
2003-01-01,Fresh,1.6273592196463005
2003-01-01,Frozen,0.6362172082902297
2003-01-01,Preserved,0.2744448470825279
2003-02-01,Fresh,1.6635752868597062
2003-02-01,Frozen,0.5621651086252453
2003-02-01,Preserved,0.26840216109213755
2003-03-01,Fresh,1.8087423207425168
2003-03-01,Frozen,0.6428509018706662
2003-03-01,Preserved,0.36590241794424627
2003-04-01,Fresh,1.6930068845940682
2003-04-01,Frozen,0.6812769679294217
2003-04-01,Preserved,0.42166015704021875
2003-05-01,Fresh,1.7001564683931385
2003-05-01,Frozen,0.564110615438929
2003-05-01,Preserved,0.3743824819249854
2003-06-01,Fresh,1.4413918070058918
2003-06-01,Frozen,0.5100304720210836
2003-06-01,Preserved,0.386107187600134
2003-07-01,Fresh,1.598093673282305
2003-07-01,Frozen,0.5138907129995439
2003-07-01,Preserved,0.43396913318910185
2003-08-01,Fresh,1.4207186068047062
2003-08-01,Frozen,0.5579351822003953
2003-08-01,Preserved,0.3844635206886981
2003-09-01,Fresh,1.631429815107437
2003-09-01,Frozen,0.639451030132816
2003-09-01,Preserved,0.38120097234971995
2003-10-01,Fresh,2.0871869659019318
2003-10-01,Frozen,0.6726454534949307
2003-10-01,Preserved,0.39777210925877654
2003-11-01,Fresh,1.6637784105182678
2003-11-01,Frozen,0.6632907412137624
2003-11-01,Preserved,0.3990875545007289
2003-12-01,Fresh,2.010735774923472
2003-12-01,Frozen,1.3770157660073432
2003-12-01,Preserved,0.6201454203823492
2004-01-01,Fresh,1.818489600171383
2004-01-01,Frozen,0.6454619149466724
2004-01-01,Preserved,0.3640023132084411
2004-02-01,Fresh,1.792364901182155
2004-02-01,Frozen,0.5499057998326236
2004-02-01,Preserved,0.319083836597441
2004-03-01,Fresh,1.8210271626733776
2004-03-01,Frozen,0.563020906047173
2004-03-01,Preserved,0.40266500991378334
2004-04-01,Fresh,1.8604255953059452
2004-04-01,Frozen,0.6681182466415473
2004-04-01,Preserved,0.44880129740076397
2004-05-01,Fresh,1.7116149654724584
2004-05-01,Frozen,0.6054427869996503
2004-05-01,Preserved,0.3914057969802118
2004-06-01,Fresh,1.6035930209770155
2004-06-01,Frozen,0.5260533315801162
2004-06-01,Preserved,0.41573462387773397
2004-07-01,Fresh,1.648541746361974
2004-07-01,Frozen,0.5592431438128826
2004-07-01,Preserved,0.43217447525516484
2004-08-01,Fresh,1.411807695983512
2004-08-01,Frozen,0.47325588298057014
2004-08-01,Preserved,0.37465726520081133
2004-09-01,Fresh,1.7339647603792663
2004-09-01,Frozen,0.5634979792301554
2004-09-01,Preserved,0.3932907481385356
2004-10-01,Fresh,1.9657172902274855
2004-10-01,Frozen,0.6473980746593353
2004-10-01,Preserved,0.4140194945763579
2004-11-01,Fresh,1.6984717540978531
2004-11-01,Frozen,0.6588123423318591
2004-11-01,Preserved,0.4185027439639154
2004-12-01,Fresh,2.1278852546465115
2004-12-01,Frozen,1.218770024112264
2004-12-01,Preserved,0.6107613312712413
2005-01-01,Fresh,1.7672168247797622
2005-01-01,Frozen,0.6086992702515481
2005-01-01,Preserved,0.36319059561093503
2005-02-01,Fresh,1.7969385433737617
2005-02-01,Frozen,0.5679107364559793
2005-02-01,Preserved,0.33266348038946475
2005-03-01,Fresh,1.8713752497637102
2005-03-01,Frozen,0.6402954383787107
2005-03-01,Preserved,0.43567187066293567
2005-04-01,Fresh,1.898129729872624
2005-04-01,Frozen,0.6297210297832462
2005-04-01,Preserved,0.41292249929583064
2005-05-01,Fresh,1.7173087623988263
2005-05-01,Frozen,0.5570421870523312
2005-05-01,Preserved,0.4182524052061433
2005-06-01,Fresh,1.6378874863005781
2005-06-01,Frozen,0.5213261859599145
2005-06-01,Preserved,0.437170964876795
2005-07-01,Fresh,1.617110533833919
2005-07-01,Frozen,0.5786177876627292
2005-07-01,Preserved,0.44111417373333756
2005-08-01,Fresh,1.5311034357321882
2005-08-01,Frozen,0.5324174353267207
2005-08-01,Preserved,0.39486309141617065
2005-09-01,Fresh,1.8400436687401114
2005-09-01,Frozen,0.5783976474692627
2005-09-01,Preserved,0.4198592424533801
2005-10-01,Fresh,2.0738216170037216
2005-10-01,Frozen,0.6735645323524172
2005-10-01,Preserved,0.410249168912593
2005-11-01,Fresh,1.695298699059885
2005-11-01,Frozen,0.6778414420941932
2005-11-01,Preserved,0.4054940476511832
2005-12-01,Fresh,2.185024760884932
2005-12-01,Frozen,1.1851393920258426
2005-12-01,Preserved,0.6500053429374651
2006-01-01,Fresh,1.7965442793662705
2006-01-01,Frozen,0.6398386199849615
2006-01-01,Preserved,0.38810720491653516
2006-02-01,Fresh,1.7553091612509482
2006-02-01,Frozen,0.5690234041875771
2006-02-01,Preserved,0.3287297303558323
2006-03-01,Fresh,1.921588685231485
2006-03-01,Frozen,0.6585097956514261
2006-03-01,Preserved,0.4096183018466791
2006-04-01,Fresh,1.7333705811956037
2006-04-01,Frozen,0.6643370776336058
2006-04-01,Preserved,0.4592670547337022
2006-05-01,Fresh,1.6995492027257124
2006-05-01,Frozen,0.5714011506896275
2006-05-01,Preserved,0.398679709352557
2006-06-01,Fresh,1.6394514202402188
2006-06-01,Frozen,0.5859164052526332
2006-06-01,Preserved,0.41682252226683814
2006-07-01,Fresh,1.5486807535251665
2006-07-01,Frozen,0.5366298604380572
2006-07-01,Preserved,0.4244720280993125
2006-08-01,Fresh,1.4795519620802153
2006-08-01,Frozen,0.5757266499895753
2006-08-01,Preserved,0.3676580828831123
2006-09-01,Fresh,1.7247143332033537
2006-09-01,Frozen,0.6419755791420644
2006-09-01,Preserved,0.41551177181941307
2006-10-01,Fresh,2.013828040633492
2006-10-01,Frozen,0.7124737772881387
2006-10-01,Preserved,0.42410114711775826
2006-11-01,Fresh,1.7085048943166083
2006-11-01,Frozen,0.7286453292561531
2006-11-01,Preserved,0.43987899465919966
2006-12-01,Fresh,2.1280769570048523
2006-12-01,Frozen,1.3985524686465785
2006-12-01,Preserved,0.6278757112783986
2007-01-01,Fresh,2.003974054448672
2007-01-01,Frozen,0.7350487193050896
2007-01-01,Preserved,0.3822549372498196
2007-02-01,Fresh,1.8144494209064643
2007-02-01,Frozen,0.5792829944656888
2007-02-01,Preserved,0.3452710889586526
2007-03-01,Fresh,2.145742784141454
2007-03-01,Frozen,0.7246076048829394
2007-03-01,Preserved,0.45080904629693674
2007-04-01,Fresh,1.717923055682699
2007-04-01,Frozen,0.6767954612060508
2007-04-01,Preserved,0.4100026822427303
2007-05-01,Fresh,1.7963148773377888
2007-05-01,Frozen,0.6441535068454923
2007-05-01,Preserved,0.3906028545876604
2007-06-01,Fresh,1.8232934138538814
2007-06-01,Frozen,0.6720191090067124
2007-06-01,Preserved,0.416380189051839
2007-07-01,Fresh,1.6150794566123252
2007-07-01,Frozen,0.664215216772779
2007-07-01,Preserved,0.41788185966402486
2007-08-01,Fresh,1.5250047630697414
2007-08-01,Frozen,0.6210342324338892
2007-08-01,Preserved,0.4065599533623608
2007-09-01,Fresh,1.8124570521980854
2007-09-01,Frozen,0.6595042909862661
2007-09-01,Preserved,0.40537958917480554
2007-10-01,Fresh,2.1029550304686917
2007-10-01,Frozen,0.7662387450522544
2007-10-01,Preserved,0.4259131759014451
2007-11-01,Fresh,1.942793636564853
2007-11-01,Frozen,0.8794714759154099
2007-11-01,Preserved,0.4623075142880073
2007-12-01,Fresh,2.1598831796449525
2007-12-01,Frozen,1.4447675580720718
2007-12-01,Preserved,0.6140598216392743
2008-01-01,Fresh,2.15429523497852
2008-01-01,Frozen,0.8141847417935931
2008-01-01,Preserved,0.3931311303776064
2008-02-01,Fresh,2.1103328010484614
2008-02-01,Frozen,0.6478455457947998
2008-02-01,Preserved,0.38800045348083995
2008-03-01,Fresh,2.098468752372996
2008-03-01,Frozen,0.8027162906875613
2008-03-01,Preserved,0.477799732892553
2008-04-01,Fresh,2.0955631406980784
2008-04-01,Frozen,0.6771300323057977
2008-04-01,Preserved,0.40621710557088414
2008-05-01,Fresh,2.09521773428509
2008-05-01,Frozen,0.7012938801513182
2008-05-01,Preserved,0.4386519997152782
2008-06-01,Fresh,1.6025390612060761
2008-06-01,Frozen,0.7152150818161626
2008-06-01,Preserved,0.4272761741070492
2008-07-01,Fresh,1.7923086297414343
2008-07-01,Frozen,0.6588517819782985
2008-07-01,Preserved,0.45546877482375103
2008-08-01,Fresh,1.7304263559692166
2008-08-01,Frozen,0.5872470249194698
2008-08-01,Preserved,0.3980021821105807
2008-09-01,Fresh,1.9126074779333515
2008-09-01,Frozen,0.6771955089507962
2008-09-01,Preserved,0.4059928423582237
2008-10-01,Fresh,2.3078756108674083
2008-10-01,Frozen,0.7219824466962721
2008-10-01,Preserved,0.4077568333656405
2008-11-01,Fresh,2.0964661252308456
2008-11-01,Frozen,0.7976549688433369
2008-11-01,Preserved,0.42631341646978854
2008-12-01,Fresh,2.5936006322940623
2008-12-01,Frozen,1.546257207926625
2008-12-01,Preserved,0.7405036678492884
2009-01-01,Fresh,2.105364464873434
2009-01-01,Frozen,0.7853002210711305
2009-01-01,Preserved,0.4018221022687311
2009-02-01,Fresh,1.9392061050713252
2009-02-01,Frozen,0.6383895876868371
2009-02-01,Preserved,0.3626425137983283
2009-03-01,Fresh,2.2161888864598356
2009-03-01,Frozen,0.7052483580076813
2009-03-01,Preserved,0.4499165487283642
2009-04-01,Fresh,2.1076000629165637
2009-04-01,Frozen,0.7639427988837704
2009-04-01,Preserved,0.46116137595344653
2009-05-01,Fresh,1.9206958062559365
2009-05-01,Frozen,0.640394031820263
2009-05-01,Preserved,0.41586076089812996
2009-06-01,Fresh,1.884483026034864
2009-06-01,Frozen,0.6241573015749582
2009-06-01,Preserved,0.44835220742782295
2009-07-01,Fresh,1.8432221641776658
2009-07-01,Frozen,0.6612740467973798
2009-07-01,Preserved,0.4580477927431998
2009-08-01,Fresh,1.489603090752665
2009-08-01,Frozen,0.5767272283120916
2009-08-01,Preserved,0.38048266612045467
2009-09-01,Fresh,1.8831243029095253
2009-09-01,Frozen,0.6647879859146352
2009-09-01,Preserved,0.4030678020126681
2009-10-01,Fresh,2.260237584374989
2009-10-01,Frozen,0.7346311064241625
2009-10-01,Preserved,0.41786853577953426
2009-11-01,Fresh,2.1266004257845137
2009-11-01,Frozen,0.827030940443154
2009-11-01,Preserved,0.4341840937269954
2009-12-01,Fresh,2.775850250329856
2009-12-01,Frozen,1.5825098646139752
2009-12-01,Preserved,0.7230081282785944
2010-01-01,Fresh,2.1362456676892645
2010-01-01,Frozen,0.7752349355080316
2010-01-01,Preserved,0.4202732808295495
2010-02-01,Fresh,1.8061921439309612
2010-02-01,Frozen,0.5663413941617896
2010-02-01,Preserved,0.369130437127072
2010-03-01,Fresh,1.9822485393019076
2010-03-01,Frozen,0.7343649379912014
2010-03-01,Preserved,0.47153889974867225
2010-04-01,Fresh,1.7026086092890578
2010-04-01,Frozen,0.645150675114431
2010-04-01,Preserved,0.3990525424532604
2010-05-01,Fresh,1.6486787246314225
2010-05-01,Frozen,0.571958360323309
2010-05-01,Preserved,0.40464229779548777
2010-06-01,Fresh,1.5878002851593978
2010-06-01,Frozen,0.6064653798569121
2010-06-01,Preserved,0.43621990936739774
2010-07-01,Fresh,1.647271163371089
2010-07-01,Frozen,0.598641289720985
2010-07-01,Preserved,0.45932559561767816
2010-08-01,Fresh,1.4557189683163232
2010-08-01,Frozen,0.6169495996868192
2010-08-01,Preserved,0.3981230208662478
2010-09-01,Fresh,1.623751654981017
2010-09-01,Frozen,0.6058641295938374
2010-09-01,Preserved,0.39910914095738764
2010-10-01,Fresh,1.8402846882651094
2010-10-01,Frozen,0.6978012158922363
2010-10-01,Preserved,0.3848765763483772
2010-11-01,Fresh,1.8015240734597904
2010-11-01,Frozen,0.7701147300635058
2010-11-01,Preserved,0.4001744989543057
2010-12-01,Fresh,2.1928927159181155
2010-12-01,Frozen,1.383386297728272
2010-12-01,Preserved,0.6436660528138628
2011-01-01,Fresh,1.7649285367442917
2011-01-01,Frozen,0.7248246424692033
2011-01-01,Preserved,0.40394926686140786
2011-02-01,Fresh,1.6253414222071605
2011-02-01,Frozen,0.575475255577011
2011-02-01,Preserved,0.3272289809648238
2011-03-01,Fresh,1.8010183052443673
2011-03-01,Frozen,0.6555869929817386
2011-03-01,Preserved,0.4275745848466215
2011-04-01,Fresh,1.6915999202734449
2011-04-01,Frozen,0.6677119278858772
2011-04-01,Preserved,0.4510105324430554
2011-05-01,Fresh,1.6856023922642482
2011-05-01,Frozen,0.6182980239644548
2011-05-01,Preserved,0.41288432403142034
2011-06-01,Fresh,1.5743785600309104
2011-06-01,Frozen,0.5976394360975903
2011-06-01,Preserved,0.40963386520629214
2011-07-01,Fresh,1.5845502995442187
2011-07-01,Frozen,0.6290842910915243
2011-07-01,Preserved,0.4405158390561322
2011-08-01,Fresh,1.5151248050911292
2011-08-01,Frozen,0.5831354948248593
2011-08-01,Preserved,0.404566627403885
2011-09-01,Fresh,1.6203981795154732
2011-09-01,Frozen,0.645635350237898
2011-09-01,Preserved,0.4135853649298138
2011-10-01,Fresh,1.7819398378482059
2011-10-01,Frozen,0.6649230185238506
2011-10-01,Preserved,0.402369146390705
2011-11-01,Fresh,1.8166299216450232
2011-11-01,Frozen,0.8111202274255979
2011-11-01,Preserved,0.43386499410152557
2011-12-01,Fresh,2.0883635724057177
2011-12-01,Frozen,1.382973910515695
2011-12-01,Preserved,0.6602850783807019
2012-01-01,Fresh,1.7505265708897884
2012-01-01,Frozen,0.6528925698249631
2012-01-01,Preserved,0.4044621805569358
2012-02-01,Fresh,1.668718201957125
2012-02-01,Frozen,0.581797723578553
2012-02-01,Preserved,0.35579266744610183
2012-03-01,Fresh,1.7720345819799783
2012-03-01,Frozen,0.6439602929277404
2012-03-01,Preserved,0.419403068797828
2012-04-01,Fresh,1.5635163843369624
2012-04-01,Frozen,0.6286549504241394
2012-04-01,Preserved,0.4320658465639613
2012-05-01,Fresh,1.5968325832991335
2012-05-01,Frozen,0.5774346916068841
2012-05-01,Preserved,0.40502655285177797
2012-06-01,Fresh,1.5995116151694984
2012-06-01,Frozen,0.5796001446889423
2012-06-01,Preserved,0.45995452057988295
2012-07-01,Fresh,1.5371588957702027
2012-07-01,Frozen,0.5675772782786537
2012-07-01,Preserved,0.4456179448270064
2012-08-01,Fresh,1.4720118823126334
2012-08-01,Frozen,0.5769106936377493
2012-08-01,Preserved,0.4195600077090477
2012-09-01,Fresh,1.6315985678602485
2012-09-01,Frozen,0.5459418492895897
2012-09-01,Preserved,0.3889886116962178
2012-10-01,Fresh,1.8222587236968362
2012-10-01,Frozen,0.6057203798256009
2012-10-01,Preserved,0.3658682323729156
2012-11-01,Fresh,1.9483405796960425
2012-11-01,Frozen,0.7663526735825458
2012-11-01,Preserved,0.4227111587106755
2012-12-01,Fresh,2.178409550483896
2012-12-01,Frozen,1.2970304229593115
2012-12-01,Preserved,0.6529615968979476
2013-01-01,Fresh,1.89438247145757
2013-01-01,Frozen,0.72708065036309
2013-01-01,Preserved,0.41743992636269
2013-02-01,Fresh,1.725313490068
2013-02-01,Frozen,0.53687897308692
2013-02-01,Preserved,0.35322559521962
2013-03-01,Fresh,1.93021797373709
2013-03-01,Frozen,0.67995112253866
2013-03-01,Preserved,0.47113074791769
2013-04-01,Fresh,1.75412243616294
2013-04-01,Frozen,0.60522794473198
2013-04-01,Preserved,0.43991934421749
2013-05-01,Fresh,1.71021084770239
2013-05-01,Frozen,0.56522795041661
2013-05-01,Preserved,0.44046557891022997
2013-06-01,Fresh,1.69834256601135
2013-06-01,Frozen,0.55896757941012
2013-06-01,Preserved,0.45291424010505
2013-07-01,Fresh,1.62292510251325
2013-07-01,Frozen,0.59527839304162
2013-07-01,Preserved,0.46249184999106
2013-08-01,Fresh,1.50692748535278
2013-08-01,Frozen,0.55863301175
2013-08-01,Preserved,0.42407049975881
2013-09-01,Fresh,1.73364150571474
2013-09-01,Frozen,0.59009047436355
2013-09-01,Preserved,0.41965808718358
2013-10-01,Fresh,1.80265792289983
2013-10-01,Frozen,0.6009704066909101
2013-10-01,Preserved,0.39383022510586
2013-11-01,Fresh,1.79535986138832
2013-11-01,Frozen,0.70008688118372
2013-11-01,Preserved,0.42748095803352
2013-12-01,Fresh,2.20183522545059
2013-12-01,Frozen,1.33708217348592
2013-12-01,Preserved,0.66209116386788
2014-01-01,Fresh,1.7598111219601
2014-01-01,Frozen,0.68156492779286
2014-01-01,Preserved,0.42261553290449
2014-02-01,Fresh,1.6199073967623
2014-02-01,Frozen,0.52836690461438
2014-02-01,Preserved,0.3546634133728
2014-03-01,Fresh,1.83107065334111
2014-03-01,Frozen,0.6027667056713301
2014-03-01,Preserved,0.43444061305714
2014-04-01,Fresh,1.72161807934217
2014-04-01,Frozen,0.57100961464963
2014-04-01,Preserved,0.45974059582149
2014-05-01,Fresh,1.7198525062949899
2014-05-01,Frozen,0.58135122722663
2014-05-01,Preserved,0.44053248190411
2014-06-01,Fresh,1.56726992345725
2014-06-01,Frozen,0.52433546909745
2014-06-01,Preserved,0.44039158845569
2014-07-01,Fresh,1.62862672351255
2014-07-01,Frozen,0.55867724267779
2014-07-01,Preserved,0.46392440909201
2014-08-01,Fresh,1.45531076231657
2014-08-01,Frozen,0.52507764996067
2014-08-01,Preserved,0.41724884177757
2014-09-01,Fresh,1.65185974194265
2014-09-01,Frozen,0.56937562098
2014-09-01,Preserved,0.42193621186909996
2014-10-01,Fresh,1.73764798129361
2014-10-01,Frozen,0.59101855238221
2014-10-01,Preserved,0.40705080197811
2014-11-01,Fresh,1.68539234696956
2014-11-01,Frozen,0.698140411207
2014-11-01,Preserved,0.43643011711601
2014-12-01,Fresh,2.1048274468090398
2014-12-01,Frozen,1.34415819971506
2014-12-01,Preserved,0.70154410957869
2015-01-01,Fresh,1.73544154067804
2015-01-01,Frozen,0.65357214003355
2015-01-01,Preserved,0.42341716221881
2015-02-01,Fresh,1.55590604800756
2015-02-01,Frozen,0.50306043603475
2015-02-01,Preserved,0.36033252356631
2015-03-01,Fresh,1.73341204234909
2015-03-01,Frozen,0.5693817183362
2015-03-01,Preserved,0.45214993366569
2015-04-01,Fresh,1.63531245190289
2015-04-01,Frozen,0.53310271379676
2015-04-01,Preserved,0.43207382868765
2015-05-01,Fresh,1.60035167964916
2015-05-01,Frozen,0.5257612335851
2015-05-01,Preserved,0.45352324894322
2015-06-01,Fresh,1.55772496955123
2015-06-01,Frozen,0.51001505497628
2015-06-01,Preserved,0.44749365519921996
2015-07-01,Fresh,1.53459278374766
2015-07-01,Frozen,0.51251849454113
2015-07-01,Preserved,0.47087409412122
2015-08-01,Fresh,1.40878069341407
2015-08-01,Frozen,0.49107754053221
2015-08-01,Preserved,0.41679814760777
2015-09-01,Fresh,1.61058677711875
2015-09-01,Frozen,0.53303815686711
2015-09-01,Preserved,0.40805719684809
2015-10-01,Fresh,1.7897121162644
2015-10-01,Frozen,0.57766626830358
2015-10-01,Preserved,0.41413472406987
2015-11-01,Fresh,1.7224521344556
2015-11-01,Frozen,0.6821442731985901
2015-11-01,Preserved,0.4265942452947
2015-12-01,Fresh,2.07353875450592
2015-12-01,Frozen,1.36991233373035
2015-12-01,Preserved,0.72396734108045
2016-01-01,Fresh,1.61142223137012
2016-01-01,Frozen,0.58904723234553
2016-01-01,Preserved,0.39735580450462
2016-02-01,Fresh,1.65160589152572
2016-02-01,Frozen,0.49219026275056
2016-02-01,Preserved,0.40976714521602
2016-03-01,Fresh,1.75802432204354
2016-03-01,Frozen,0.59167112402951
2016-03-01,Preserved,0.47457235418916
2016-04-01,Fresh,1.70405418842458
2016-04-01,Frozen,0.54693427779066
2016-04-01,Preserved,0.42698923323897997
2016-05-01,Fresh,1.48729970147746
2016-05-01,Frozen,0.46928172613313
2016-05-01,Preserved,0.42030078690326
2016-06-01,Fresh,1.50347216409904
2016-06-01,Frozen,0.50309470637081
2016-06-01,Preserved,0.47350716694103
2016-07-01,Fresh,1.49955627403716
2016-07-01,Frozen,0.49890949308171
2016-07-01,Preserved,0.45667660682778
2016-08-01,Fresh,1.37401635682506
2016-08-01,Frozen,0.45453643036206
2016-08-01,Preserved,0.41077503846771
2016-09-01,Fresh,1.56936266899972
2016-09-01,Frozen,0.49015407623197
2016-09-01,Preserved,0.42361292703592
2016-10-01,Fresh,1.7301544947066
2016-10-01,Frozen,0.54377550749394
2016-10-01,Preserved,0.43121067544198
2016-11-01,Fresh,1.67769679414968
2016-11-01,Frozen,0.68161129535326
2016-11-01,Preserved,0.43144813420982997
2016-12-01,Fresh,2.02688797735848
2016-12-01,Frozen,1.28864254080632
2016-12-01,Preserved,0.69566235103285
2017-01-01,Fresh,1.47311612118999
2017-01-01,Frozen,0.54086074518123
2017-01-01,Preserved,0.39007296048862
2017-02-01,Fresh,1.43718048478408
2017-02-01,Frozen,0.44165279305856003
2017-02-01,Preserved,0.35047001326063
2017-03-01,Fresh,1.6859767351081
2017-03-01,Frozen,0.5428189620613599
2017-03-01,Preserved,0.44591125926815
2017-04-01,Fresh,1.44130417966199
2017-04-01,Frozen,0.48752379390686995
2017-04-01,Preserved,0.44205077670604
2017-05-01,Fresh,1.34277884378121
2017-05-01,Frozen,0.44732432906828
2017-05-01,Preserved,0.4197139957325
2017-06-01,Fresh,1.40233021184254
2017-06-01,Frozen,0.47018977302031
2017-06-01,Preserved,0.46501936809738
2017-07-01,Fresh,1.4327905589157799
2017-07-01,Frozen,0.49903362985961003
2017-07-01,Preserved,0.454461599969
2017-08-01,Fresh,1.28170658114078
2017-08-01,Frozen,0.46722028514944997
2017-08-01,Preserved,0.41865510758533
2017-09-01,Fresh,1.53396458202
2017-09-01,Frozen,0.52804154069884
2017-09-01,Preserved,0.4189311581759
2017-10-01,Fresh,1.45838895521898
2017-10-01,Frozen,0.53424403438412
2017-10-01,Preserved,0.39279830575771
2017-11-01,Fresh,1.51146128597431
2017-11-01,Frozen,0.65572065267324
2017-11-01,Preserved,0.40645863620651
2017-12-01,Fresh,1.83469814580783
2017-12-01,Frozen,1.2472753719421
2017-12-01,Preserved,0.66366464601157
2018-01-01,Fresh,1.43248059142734
2018-01-01,Frozen,0.55736464192289
2018-01-01,Preserved,0.40844621345795
2018-02-01,Fresh,1.3436506552152
2018-02-01,Frozen,0.4548160234554
2018-02-01,Preserved,0.35834161275844
2018-03-01,Fresh,1.51285304172388
2018-03-01,Frozen,0.56239112402463
2018-03-01,Preserved,0.47233377484153
2018-04-01,Fresh,1.35775812991646
2018-04-01,Frozen,0.48523942554902
2018-04-01,Preserved,0.41053456355189
2018-05-01,Fresh,1.37282446426443
2018-05-01,Frozen,0.48674436125955
2018-05-01,Preserved,0.41150504793785003
2018-06-01,Fresh,1.39579467459365
2018-06-01,Frozen,0.46833308079208
2018-06-01,Preserved,0.47602395689159
2018-07-01,Fresh,1.3595322092715
2018-07-01,Frozen,0.47225360943725
2018-07-01,Preserved,0.45528072112907
2018-08-01,Fresh,1.17722600876562
2018-08-01,Frozen,0.47232317681877
2018-08-01,Preserved,0.43439184833622
2018-09-01,Fresh,1.32863047840334
2018-09-01,Frozen,0.47746701910751
2018-09-01,Preserved,0.40068463307667
2018-10-01,Fresh,1.42629488551852
2018-10-01,Frozen,0.52674267174343
2018-10-01,Preserved,0.40638620807523
2018-11-01,Fresh,1.48293211083632
2018-11-01,Frozen,0.66012870057543
2018-11-01,Preserved,0.41646545961245
2018-12-01,Fresh,1.79803792133247
2018-12-01,Frozen,1.256832432028
2018-12-01,Preserved,0.66702559228209
2019-01-01,Fresh,1.4206359531450299
2019-01-01,Frozen,0.50928543511222
2019-01-01,Preserved,0.37887987703568
2019-02-01,Fresh,1.32445775690083
2019-02-01,Frozen,0.43149695918919
2019-02-01,Preserved,0.35572661341206
2019-03-01,Fresh,1.44530869946816
2019-03-01,Frozen,0.51106684723732
2019-03-01,Preserved,0.42107957383821
2019-04-01,Fresh,1.3789863556972999
2019-04-01,Frozen,0.52322076415608
2019-04-01,Preserved,0.44532572847671
2019-05-01,Fresh,1.3580145625161
2019-05-01,Frozen,0.44492732091066
2019-05-01,Preserved,0.42674059111207
2019-06-01,Fresh,1.31424867806432
2019-06-01,Frozen,0.44661785341088
2019-06-01,Preserved,0.44625474545816
2019-07-01,Fresh,1.31255013374339
2019-07-01,Frozen,0.44899703110028
2019-07-01,Preserved,0.46703576687184
2019-08-01,Fresh,1.19683925885297
2019-08-01,Frozen,0.46616117015476
2019-08-01,Preserved,0.46041898567204004
2019-09-01,Fresh,1.30155763804979
2019-09-01,Frozen,0.45556039945379
2019-09-01,Preserved,0.405913813
2019-10-01,Fresh,1.43908377217478
2019-10-01,Frozen,0.47432284717661
2019-10-01,Preserved,0.40099576446187
2019-11-01,Fresh,1.44383738467091
2019-11-01,Frozen,0.6649762425065799
2019-11-01,Preserved,0.44574243200108
2019-12-01,Fresh,1.64516404348266
2019-12-01,Frozen,1.23234724373874
2019-12-01,Preserved,0.69202420930372
2020-01-01,Fresh,1.29997485783269
2020-01-01,Frozen,0.51973707150359
2020-01-01,Preserved,0.40506347401134
2020-02-01,Fresh,1.33726534402035
2020-02-01,Frozen,0.42548984690851
2020-02-01,Preserved,0.39547202788909
2020-03-01,Fresh,1.3744315756646
2020-03-01,Frozen,0.55783166593894
2020-03-01,Preserved,0.49948553593892
2020-04-01,Fresh,1.64920597434459
2020-04-01,Frozen,0.70891576753358
2020-04-01,Preserved,0.49599246897361
2020-05-01,Fresh,1.6680498587983201
2020-05-01,Frozen,0.62512997578291
2020-05-01,Preserved,0.51389201145697
2020-06-01,Fresh,1.4733535155141
2020-06-01,Frozen,0.53094882450132
2020-06-01,Preserved,0.50255694763494
2020-07-01,Fresh,1.43998332199329
2020-07-01,Frozen,0.48667517539694
2020-07-01,Preserved,0.51012004399935
2020-08-01,Fresh,1.3033032022454
2020-08-01,Frozen,0.47047256004092
2020-08-01,Preserved,0.45017722480189
2020-09-01,Fresh,1.4988061506930601
2020-09-01,Frozen,0.49427244152556
2020-09-01,Preserved,0.43340486823347
2020-10-01,Fresh,1.67318457330908
2020-10-01,Frozen,0.5506348201782499
2020-10-01,Preserved,0.47474226667169
2020-11-01,Fresh,1.66145923082781
2020-11-01,Frozen,0.64890761079514
2020-11-01,Preserved,0.45873515769880996
2020-12-01,Fresh,2.00157149973237
2020-12-01,Frozen,1.3291487006207
2020-12-01,Preserved,0.8099716434972
2021-01-01,Fresh,1.41662657942593
2021-01-01,Frozen,0.55553157843163
2021-01-01,Preserved,0.43653409208209
2021-02-01,Fresh,1.48995083544852
2021-02-01,Frozen,0.5220184590650699
2021-02-01,Preserved,0.42012052532407
2021-03-01,Fresh,1.58197284001472
2021-03-01,Frozen,0.53974299224981
2021-03-01,Preserved,0.49881167291233
2021-04-01,Fresh,1.47512848367305
2021-04-01,Frozen,0.51349818096539
2021-04-01,Preserved,0.46499707483292
2021-05-01,Fresh,1.3156295353129699
2021-05-01,Frozen,0.46626583216753004
2021-05-01,Preserved,0.45925676761743
2021-06-01,Fresh,1.26346061322554
2021-06-01,Frozen,0.45265680958275
2021-06-01,Preserved,0.45847886337176996
2021-07-01,Fresh,1.3233471258040599
2021-07-01,Frozen,0.48063035786613
2021-07-01,Preserved,0.49557339530571
2021-08-01,Fresh,1.19696844689139
2021-08-01,Frozen,0.43655639189316003
2021-08-01,Preserved,0.44435394141239
2021-09-01,Fresh,1.25448162478861
2021-09-01,Frozen,0.44869734582968
2021-09-01,Preserved,0.42009463304423
2021-10-01,Fresh,1.40639852144247
2021-10-01,Frozen,0.46228809894455997
2021-10-01,Preserved,0.43987857793805
2021-11-01,Fresh,1.38046066530884
2021-11-01,Frozen,0.60777998360373
2021-11-01,Preserved,0.48198393888496
