date,Origin,catTL,value
1999-01-01,Farmed,Low,0.23801900177901586
1999-01-01,Farmed,High,0.10902959654904461
1999-01-01,Wild,Low,0.6430495887233315
1999-01-01,Wild,Medium,0.7048297102413148
1999-01-01,Wild,High,0.6805249177189323
1999-02-01,Farmed,Low,0.20094140534131957
1999-02-01,Farmed,High,0.08910587702271043
1999-02-01,Wild,Low,0.4990435865150854
1999-02-01,Wild,Medium,0.6232178464173822
1999-02-01,Wild,High,0.6012656156599964
1999-03-01,Farmed,Low,0.22244202042804134
1999-03-01,Farmed,High,0.1089874925353534
1999-03-01,Wild,Low,0.5684227306469456
1999-03-01,Wild,Medium,0.7473146650087829
1999-03-01,Wild,High,0.7125109359295412
1999-04-01,Farmed,Low,0.17432515259111522
1999-04-01,Farmed,High,0.07822148824527335
1999-04-01,Wild,Low,0.47193962893962443
1999-04-01,Wild,Medium,0.6101016942951817
1999-04-01,Wild,High,0.6240859910806345
1999-05-01,Farmed,Low,0.17576495948787726
1999-05-01,Farmed,High,0.10283579539211207
1999-05-01,Wild,Low,0.4982112803872965
1999-05-01,Wild,Medium,0.6551828126211454
1999-05-01,Wild,High,0.6760097634888078
1999-06-01,Farmed,Low,0.1639858604195019
1999-06-01,Farmed,High,0.08736908645794784
1999-06-01,Wild,Low,0.4644977445197024
1999-06-01,Wild,Medium,0.5815742200663512
1999-06-01,Wild,High,0.7052612763816498
1999-07-01,Farmed,Low,0.20352578980074693
1999-07-01,Farmed,High,0.08831642676600016
1999-07-01,Wild,Low,0.5560682100581236
1999-07-01,Wild,Medium,0.6385241591089132
1999-07-01,Wild,High,0.7578359066681332
1999-08-01,Farmed,Low,0.16773361887627816
1999-08-01,Farmed,High,0.06796164233758926
1999-08-01,Wild,Low,0.46941739802421745
1999-08-01,Wild,Medium,0.5155042509153172
1999-08-01,Wild,High,0.6493942625959909
1999-09-01,Farmed,Low,0.1981379797630462
1999-09-01,Farmed,High,0.08536463466329111
1999-09-01,Wild,Low,0.5563413849088582
1999-09-01,Wild,Medium,0.6441600820844372
1999-09-01,Wild,High,0.7359104921575625
1999-10-01,Farmed,Low,0.23278231507617114
1999-10-01,Farmed,High,0.1009353505360378
1999-10-01,Wild,Low,0.6271092096351412
1999-10-01,Wild,Medium,0.7101064960048179
1999-10-01,Wild,High,0.7405256434202037
1999-11-01,Farmed,Low,0.2000459431929939
1999-11-01,Farmed,High,0.09514955732130347
1999-11-01,Wild,Low,0.6002689033835086
1999-11-01,Wild,Medium,0.6848388247883779
1999-11-01,Wild,High,0.6664744574833934
1999-12-01,Farmed,Low,0.32501667068761625
1999-12-01,Farmed,High,0.12069316019889827
1999-12-01,Wild,Low,1.2011656076854487
1999-12-01,Wild,Medium,0.985584285916913
1999-12-01,Wild,High,0.6879307129842619
2000-01-01,Farmed,Low,0.20090213368167315
2000-01-01,Farmed,High,0.10121754103519442
2000-01-01,Wild,Low,0.6488708624890973
2000-01-01,Wild,Medium,0.7228885617173244
2000-01-01,Wild,High,0.563965381814345
2000-02-01,Farmed,Low,0.20504419746559566
2000-02-01,Farmed,High,0.09010484440807394
2000-02-01,Wild,Low,0.5329432231910125
2000-02-01,Wild,Medium,0.7019836142087642
2000-02-01,Wild,High,0.5964268982931874
2000-03-01,Farmed,Low,0.22360466487973785
2000-03-01,Farmed,High,0.0972693610879662
2000-03-01,Wild,Low,0.6202500333822096
2000-03-01,Wild,Medium,0.8086865038426732
2000-03-01,Wild,High,0.6650880910625776
2000-04-01,Farmed,Low,0.20086315831373333
2000-04-01,Farmed,High,0.08820200240005681
2000-04-01,Wild,Low,0.5997628918879342
2000-04-01,Wild,Medium,0.8023826725172225
2000-04-01,Wild,High,0.6625966465234439
2000-05-01,Farmed,Low,0.17093131698971084
2000-05-01,Farmed,High,0.092710732543515
2000-05-01,Wild,Low,0.5441711081666939
2000-05-01,Wild,Medium,0.6979490430001153
2000-05-01,Wild,High,0.6546824125749005
2000-06-01,Farmed,Low,0.1746930606227811
2000-06-01,Farmed,High,0.08743515582957218
2000-06-01,Wild,Low,0.5323863967560507
2000-06-01,Wild,Medium,0.6628856103978512
2000-06-01,Wild,High,0.7072011002469243
2000-07-01,Farmed,Low,0.18241465198838636
2000-07-01,Farmed,High,0.09074955160896375
2000-07-01,Wild,Low,0.5279690228890374
2000-07-01,Wild,Medium,0.6104170693775716
2000-07-01,Wild,High,0.7378645365347596
2000-08-01,Farmed,Low,0.17644993118908728
2000-08-01,Farmed,High,0.0673181562053494
2000-08-01,Wild,Low,0.5306310156942518
2000-08-01,Wild,Medium,0.5849331367629611
2000-08-01,Wild,High,0.6868117695486251
2000-09-01,Farmed,Low,0.19388011293297489
2000-09-01,Farmed,High,0.09349917692935485
2000-09-01,Wild,Low,0.5769615568908883
2000-09-01,Wild,Medium,0.6696223910334103
2000-09-01,Wild,High,0.7746034134569334
2000-10-01,Farmed,Low,0.21533468760471183
2000-10-01,Farmed,High,0.11887263795967735
2000-10-01,Wild,Low,0.6402364531112964
2000-10-01,Wild,Medium,0.6989187104343377
2000-10-01,Wild,High,0.7495978600399027
2000-11-01,Farmed,Low,0.18812863952896436
2000-11-01,Farmed,High,0.10271772032475052
2000-11-01,Wild,Low,0.6103160313218295
2000-11-01,Wild,Medium,0.7274772286026719
2000-11-01,Wild,High,0.6310971017055365
2000-12-01,Farmed,Low,0.3246514093981005
2000-12-01,Farmed,High,0.13853310445242673
2000-12-01,Wild,Low,1.228207186066051
2000-12-01,Wild,Medium,1.1024279639569876
2000-12-01,Wild,High,0.6454608901704902
2001-01-01,Farmed,Low,0.18336071130314402
2001-01-01,Farmed,High,0.12414355432082018
2001-01-01,Wild,Low,0.7079149247121301
2001-01-01,Wild,Medium,0.7681654317186791
2001-01-01,Wild,High,0.6553445082872542
2001-02-01,Farmed,Low,0.17187750725674503
2001-02-01,Farmed,High,0.10592220653529426
2001-02-01,Wild,Low,0.6389074988294785
2001-02-01,Wild,Medium,0.7732916679971152
2001-02-01,Wild,High,0.6714240571939771
2001-03-01,Farmed,Low,0.19724139610142105
2001-03-01,Farmed,High,0.11071568582529352
2001-03-01,Wild,Low,0.7223852835500499
2001-03-01,Wild,Medium,0.9185748019552837
2001-03-01,Wild,High,0.769261528791949
2001-04-01,Farmed,Low,0.18888986268784627
2001-04-01,Farmed,High,0.10380140568471483
2001-04-01,Wild,Low,0.7013509410894456
2001-04-01,Wild,Medium,0.8818235588871587
2001-04-01,Wild,High,0.7611325744775439
2001-05-01,Farmed,Low,0.15579227653062044
2001-05-01,Farmed,High,0.11076731627116086
2001-05-01,Wild,Low,0.63944257799574
2001-05-01,Wild,Medium,0.7708889994970879
2001-05-01,Wild,High,0.713502376504606
2001-06-01,Farmed,Low,0.16022533084205298
2001-06-01,Farmed,High,0.10366627719720557
2001-06-01,Wild,Low,0.5798015078789265
2001-06-01,Wild,Medium,0.742344526965608
2001-06-01,Wild,High,0.754572543424878
2001-07-01,Farmed,Low,0.17304228023408716
2001-07-01,Farmed,High,0.09620061353903882
2001-07-01,Wild,Low,0.5641787278449725
2001-07-01,Wild,Medium,0.7059648254792268
2001-07-01,Wild,High,0.6887550885828242
2001-08-01,Farmed,Low,0.15682093287794868
2001-08-01,Farmed,High,0.07985228987105435
2001-08-01,Wild,Low,0.5139262467003514
2001-08-01,Wild,Medium,0.6536550316399492
2001-08-01,Wild,High,0.633664414699869
2001-09-01,Farmed,Low,0.20945953113564458
2001-09-01,Farmed,High,0.11304547881560394
2001-09-01,Wild,Low,0.645208389510303
2001-09-01,Wild,Medium,0.7901812467220152
2001-09-01,Wild,High,0.6854107202758766
2001-10-01,Farmed,Low,0.2644879520408076
2001-10-01,Farmed,High,0.13949360702349406
2001-10-01,Wild,Low,0.7906172646021867
2001-10-01,Wild,Medium,0.940583205889835
2001-10-01,Wild,High,0.8026177612497638
2001-11-01,Farmed,Low,0.21455859349520315
2001-11-01,Farmed,High,0.14473422079684203
2001-11-01,Wild,Low,0.7179225849634783
2001-11-01,Wild,Medium,0.8783811174366258
2001-11-01,Wild,High,0.6356098202558751
2001-12-01,Farmed,Low,0.30936814942333773
2001-12-01,Farmed,High,0.14012181862081774
2001-12-01,Wild,Low,1.2781148989091147
2001-12-01,Wild,Medium,1.2219775350781215
2001-12-01,Wild,High,0.6433482112453219
2002-01-01,Farmed,Low,0.20939105217506068
2002-01-01,Farmed,Medium,0
2002-01-01,Farmed,High,0.15706472446468406
2002-01-01,Wild,Low,0.7551471960360194
2002-01-01,Wild,Medium,0.8942969980849191
2002-01-01,Wild,High,0.6356954853776655
2002-02-01,Farmed,Low,0.19120799837027125
2002-02-01,Farmed,Medium,0
2002-02-01,Farmed,High,0.12233926981199403
2002-02-01,Wild,Low,0.6831849348358416
2002-02-01,Wild,Medium,0.810608325316054
2002-02-01,Wild,High,0.6643420236192161
2002-03-01,Farmed,Low,0.1946751877046601
2002-03-01,Farmed,Medium,0
2002-03-01,Farmed,High,0.12958745489091264
2002-03-01,Wild,Low,0.7262440098380054
2002-03-01,Wild,Medium,1.0001659538277319
2002-03-01,Wild,High,0.7863538912338278
2002-04-01,Farmed,Low,0.17001924116536857
2002-04-01,Farmed,Medium,0
2002-04-01,Farmed,High,0.13049652064701336
2002-04-01,Wild,Low,0.6429642429071741
2002-04-01,Wild,Medium,0.8921861603971447
2002-04-01,Wild,High,0.7374095956304075
2002-05-01,Farmed,Low,0.14641831728336888
2002-05-01,Farmed,Medium,0
2002-05-01,Farmed,High,0.16007579230292215
2002-05-01,Wild,Low,0.6346733285760301
2002-05-01,Wild,Medium,0.8628662775062997
2002-05-01,Wild,High,0.7649791487669432
2002-06-01,Farmed,Low,0.13809134256016894
2002-06-01,Farmed,Medium,0
2002-06-01,Farmed,High,0.11048985913586717
2002-06-01,Wild,Low,0.5975788816916016
2002-06-01,Wild,Medium,0.7905795591095194
2002-06-01,Wild,High,0.7497662872210404
2002-07-01,Farmed,Low,0.1431116994657078
2002-07-01,Farmed,Medium,0
2002-07-01,Farmed,High,0.11563441790290369
2002-07-01,Wild,Low,0.5419500380032924
2002-07-01,Wild,Medium,0.806509598754495
2002-07-01,Wild,High,0.7446204519604914
2002-08-01,Farmed,Low,0.1528759985437675
2002-08-01,Farmed,Medium,0
2002-08-01,Farmed,High,0.10327106217929846
2002-08-01,Wild,Low,0.565435796042471
2002-08-01,Wild,Medium,0.7383516741913565
2002-08-01,Wild,High,0.7028987509844402
2002-09-01,Farmed,Low,0.16296666170843851
2002-09-01,Farmed,Medium,0
2002-09-01,Farmed,High,0.13700711480638753
2002-09-01,Wild,Low,0.6161855474197001
2002-09-01,Wild,Medium,0.8342717375919764
2002-09-01,Wild,High,0.6893285894490304
2002-10-01,Farmed,Low,0.17442443660371265
2002-10-01,Farmed,Medium,0
2002-10-01,Farmed,High,0.16751189210230694
2002-10-01,Wild,Low,0.6786186352008247
2002-10-01,Wild,Medium,1.012198694531739
2002-10-01,Wild,High,0.8490331644436536
2002-11-01,Farmed,Low,0.18805172538145137
2002-11-01,Farmed,Medium,0
2002-11-01,Farmed,High,0.1542941768461226
2002-11-01,Wild,Low,0.7198929580331797
2002-11-01,Wild,Medium,0.9615170930654453
2002-11-01,Wild,High,0.6744994687195267
2002-12-01,Farmed,Low,0.3465609959452004
2002-12-01,Farmed,Medium,0
2002-12-01,Farmed,High,0.16690618725334072
2002-12-01,Wild,Low,1.4371706290657547
2002-12-01,Wild,Medium,1.442078810905722
2002-12-01,Wild,High,0.7289807652442422
2003-01-01,Farmed,Low,0.2069330996621137
2003-01-01,Farmed,Medium,0.03340959009000321
2003-01-01,Farmed,High,0.15077658171681502
2003-01-01,Wild,Low,0.7352092857586902
2003-01-01,Wild,Medium,0.7700372593395876
2003-01-01,Wild,High,0.6559199814084344
2003-02-01,Farmed,Low,0.19939392718501794
2003-02-01,Farmed,Medium,0.07234283097104183
2003-02-01,Farmed,High,0.13871677602885082
2003-02-01,Wild,Low,0.6935723429027787
2003-02-01,Wild,Medium,0.7385761808456159
2003-02-01,Wild,High,0.6662297701362866
2003-03-01,Farmed,Low,0.20544684308013406
2003-03-01,Farmed,Medium,0.07459351844506076
2003-03-01,Farmed,High,0.13534355963738
2003-03-01,Wild,Low,0.7639681554938405
2003-03-01,Wild,Medium,0.887924662189334
2003-03-01,Wild,High,0.7708989575076095
2003-04-01,Farmed,Low,0.1750439693786513
2003-04-01,Farmed,Medium,0.07736314228695895
2003-04-01,Farmed,High,0.14919943950035777
2003-04-01,Wild,Low,0.7687697108900501
2003-04-01,Wild,Medium,0.8886516349012471
2003-04-01,Wild,High,0.7572688871348427
2003-05-01,Farmed,Low,0.1669675388926681
2003-05-01,Farmed,Medium,0.07058571438641967
2003-05-01,Farmed,High,0.13867321668275503
2003-05-01,Wild,Low,0.7427895255573697
2003-05-01,Wild,Medium,0.7609209222048284
2003-05-01,Wild,High,0.7782376108484598
2003-06-01,Farmed,Low,0.13870143617883576
2003-06-01,Farmed,Medium,0.05746535847927971
2003-06-01,Farmed,High,0.15257439934325553
2003-06-01,Wild,Low,0.6142489612364159
2003-06-01,Wild,Medium,0.6773634453276789
2003-06-01,Wild,High,0.7148839509315991
2003-07-01,Farmed,Low,0.15189425092257222
2003-07-01,Farmed,Medium,0.04958627041003959
2003-07-01,Farmed,High,0.14871298798330446
2003-07-01,Wild,Low,0.6675758380439528
2003-07-01,Wild,Medium,0.7409729453171268
2003-07-01,Wild,High,0.806454968684642
2003-08-01,Farmed,Low,0.14706032022298254
2003-08-01,Farmed,Medium,0.056942807842172025
2003-08-01,Farmed,High,0.11973728326830066
2003-08-01,Wild,Low,0.6808805456206161
2003-08-01,Wild,Medium,0.6642131464698623
2003-08-01,Wild,High,0.7107217659902922
2003-09-01,Farmed,Low,0.1732320346949731
2003-09-01,Farmed,Medium,0.057313549260992955
2003-09-01,Farmed,High,0.16287088184237783
2003-09-01,Wild,Low,0.7269735485552286
2003-09-01,Wild,Medium,0.8039219190890102
2003-09-01,Wild,High,0.749332646274727
2003-10-01,Farmed,Low,0.23497158695863085
2003-10-01,Farmed,Medium,0.08279473826295311
2003-10-01,Farmed,High,0.1765164087807674
2003-10-01,Wild,Low,0.8467120008509138
2003-10-01,Wild,Medium,0.9948221036391286
2003-10-01,Wild,High,0.8425044796218507
2003-11-01,Farmed,Low,0.16973283820694476
2003-11-01,Farmed,Medium,0.08480883150907989
2003-11-01,Farmed,High,0.15018531048449135
2003-11-01,Wild,Low,0.7639915064390983
2003-11-01,Wild,Medium,0.8873188369024664
2003-11-01,Wild,High,0.6902855423680041
2003-12-01,Farmed,Low,0.25529478170873005
2003-12-01,Farmed,Medium,0.12727893914771943
2003-12-01,Farmed,High,0.19452825157452924
2003-12-01,Wild,Low,1.4497689088469725
2003-12-01,Wild,Medium,1.290433216345102
2003-12-01,Wild,High,0.7130677108433879
2004-01-01,Farmed,Low,0.22312138755919456
2004-01-01,Farmed,Medium,0.09188886808540177
2004-01-01,Farmed,High,0.12481668306340996
2004-01-01,Wild,Low,0.8715857910453956
2004-01-01,Wild,Medium,0.7986993456682823
2004-01-01,Wild,High,0.7362213366847439
2004-02-01,Farmed,Low,0.1985812956026083
2004-02-01,Farmed,Medium,0.07520416836443328
2004-02-01,Farmed,High,0.0959760252596294
2004-02-01,Wild,Low,0.7543451158723022
2004-02-01,Wild,Medium,0.8015908426435225
2004-02-01,Wild,High,0.7531868498269486
2004-03-01,Farmed,Low,0.20433951890354807
2004-03-01,Farmed,Medium,0.07205091231375732
2004-03-01,Farmed,High,0.10439733156552483
2004-03-01,Wild,Low,0.7630893933395179
2004-03-01,Wild,Medium,0.8759263710187712
2004-03-01,Wild,High,0.7883595049195894
2004-04-01,Farmed,Low,0.2003085720494322
2004-04-01,Farmed,Medium,0.06802830173592922
2004-04-01,Farmed,High,0.10323454011304353
2004-04-01,Wild,Low,0.8433996500198656
2004-04-01,Wild,Medium,0.9799173686600984
2004-04-01,Wild,High,0.8060809992314327
2004-05-01,Farmed,Low,0.16654522400806793
2004-05-01,Farmed,Medium,0.060480637184991026
2004-05-01,Farmed,High,0.1135867661865068
2004-05-01,Wild,Low,0.7498156596961784
2004-05-01,Wild,Medium,0.8189717405241802
2004-05-01,Wild,High,0.8199692355268414
2004-06-01,Farmed,Low,0.16678578512380046
2004-06-01,Farmed,Medium,0.0482043985443127
2004-06-01,Farmed,High,0.10790738024131694
2004-06-01,Wild,Low,0.71496049764044
2004-06-01,Wild,Medium,0.753969030722063
2004-06-01,Wild,High,0.7742726270692095
2004-07-01,Farmed,Low,0.172344414152479
2004-07-01,Farmed,Medium,0.04492848014254541
2004-07-01,Farmed,High,0.0990828363424164
2004-07-01,Wild,Low,0.7579349546211344
2004-07-01,Wild,Medium,0.7285093284012755
2004-07-01,Wild,High,0.8578854782354454
2004-08-01,Farmed,Low,0.1501723010202617
2004-08-01,Farmed,Medium,0.04860954157189785
2004-08-01,Farmed,High,0.08731368147935639
2004-08-01,Wild,Low,0.6643650168774752
2004-08-01,Wild,Medium,0.6377806317958075
2004-08-01,Wild,High,0.6887755392826174
2004-09-01,Farmed,Low,0.21233114971164013
2004-09-01,Farmed,Medium,0.06527566330571075
2004-09-01,Farmed,High,0.11290223881362042
2004-09-01,Wild,Low,0.7861813550152589
2004-09-01,Wild,Medium,0.7671251037800838
2004-09-01,Wild,High,0.7656326721452522
2004-10-01,Farmed,Low,0.23589708823917102
2004-10-01,Farmed,Medium,0.07445033080869724
2004-10-01,Farmed,High,0.1267752316323886
2004-10-01,Wild,Low,0.8970326316827678
2004-10-01,Wild,Medium,0.904196827524469
2004-10-01,Wild,High,0.8087748073689919
2004-11-01,Farmed,Low,0.19393846606897078
2004-11-01,Farmed,Medium,0.07461705633445245
2004-11-01,Farmed,High,0.11764534184203351
2004-11-01,Wild,Low,0.8735707775191727
2004-11-01,Wild,Medium,0.8543785258908458
2004-11-01,Wild,High,0.681699946148889
2004-12-01,Farmed,Low,0.29036869929662185
2004-12-01,Farmed,Medium,0.10136387971407013
2004-12-01,Farmed,High,0.1398508000794019
2004-12-01,Wild,Low,1.5552064152509846
2004-12-01,Wild,Medium,1.1284860083019175
2004-12-01,Wild,High,0.7652175255861218
2005-01-01,Farmed,Low,0.21915840543661572
2005-01-01,Farmed,Medium,0.08511513471742098
2005-01-01,Farmed,High,0.11530319680793925
2005-01-01,Wild,Low,0.8568868602274529
2005-01-01,Wild,Medium,0.7329409501157668
2005-01-01,Wild,High,0.7483814808947168
2005-02-01,Farmed,Low,0.18866340368945655
2005-02-01,Farmed,Medium,0.06952799894705038
2005-02-01,Farmed,High,0.10208594235919916
2005-02-01,Wild,Low,0.7317346004720774
2005-02-01,Wild,Medium,0.7895097659402444
2005-02-01,Wild,High,0.8348691175794372
2005-03-01,Farmed,Low,0.20429428825091772
2005-03-01,Farmed,Medium,0.07142036686805384
2005-03-01,Farmed,High,0.10288040178889739
2005-03-01,Wild,Low,0.8033083208152839
2005-03-01,Wild,Medium,0.9255589652722097
2005-03-01,Wild,High,0.8608966230959735
2005-04-01,Farmed,Low,0.19374361570168314
2005-04-01,Farmed,Medium,0.06929901591283155
2005-04-01,Farmed,High,0.11267896746151083
2005-04-01,Wild,Low,0.862331257654875
2005-04-01,Wild,Medium,0.8640139571675134
2005-04-01,Wild,High,0.8611949526181977
2005-05-01,Farmed,Low,0.14680279180583278
2005-05-01,Farmed,Medium,0.05721713567542641
2005-05-01,Farmed,High,0.10892029472908978
2005-05-01,Wild,Low,0.760747030155204
2005-05-01,Wild,Medium,0.7989627627045094
2005-05-01,Wild,High,0.8395667603759567
2005-06-01,Farmed,Low,0.15497171501032192
2005-06-01,Farmed,Medium,0.06110030629738715
2005-06-01,Farmed,High,0.09735036842997875
2005-06-01,Wild,Low,0.7260756478032429
2005-06-01,Wild,Medium,0.7527810268753478
2005-06-01,Wild,High,0.8243242626885923
2005-07-01,Farmed,Low,0.1653290085946827
2005-07-01,Farmed,Medium,0.05809560209227197
2005-07-01,Farmed,High,0.0801196278113485
2005-07-01,Wild,Low,0.7591976713728575
2005-07-01,Wild,Medium,0.751689634161439
2005-07-01,Wild,High,0.8440251810594914
2005-08-01,Farmed,Low,0.16730584891550468
2005-08-01,Farmed,Medium,0.058724840023702526
2005-08-01,Farmed,High,0.07915389651865737
2005-08-01,Wild,Low,0.7390811394865977
2005-08-01,Wild,Medium,0.6877931285356237
2005-08-01,Wild,High,0.7448485333078164
2005-09-01,Farmed,Low,0.19251748601946875
2005-09-01,Farmed,Medium,0.07248639459138351
2005-09-01,Farmed,High,0.09347604064877037
2005-09-01,Wild,Low,0.811671088397318
2005-09-01,Wild,Medium,0.8548211260864361
2005-09-01,Wild,High,0.8328994911550184
2005-10-01,Farmed,Low,0.2455810463109809
2005-10-01,Farmed,Medium,0.0914433508074072
2005-10-01,Farmed,High,0.1137152087738852
2005-10-01,Wild,Low,0.9148309704952567
2005-10-01,Wild,Medium,0.9030434637723707
2005-10-01,Wild,High,0.9087089322186017
2005-11-01,Farmed,Low,0.17547011799328205
2005-11-01,Farmed,Medium,0.08105440916140642
2005-11-01,Farmed,High,0.09426654407076358
2005-11-01,Wild,Low,0.8852030325544994
2005-11-01,Wild,Medium,0.8280754888182744
2005-11-01,Wild,High,0.7330659134179777
2005-12-01,Farmed,Low,0.28219622468411043
2005-12-01,Farmed,Medium,0.10894240183097068
2005-12-01,Farmed,High,0.1273159632636747
2005-12-01,Wild,Low,1.56463967657915
2005-12-01,Wild,Medium,1.1426700203683202
2005-12-01,Wild,High,0.8189392053767451
2006-01-01,Farmed,Low,0.2206769228381547
2006-01-01,Farmed,Medium,0.0877826212932015
2006-01-01,Farmed,High,0.09871779027057077
2006-01-01,Wild,Low,0.8745154439975994
2006-01-01,Wild,Medium,0.8110226740655709
2006-01-01,Wild,High,0.7517634249500651
2006-02-01,Farmed,Low,0.1988971939601404
2006-02-01,Farmed,Medium,0.08010458615445376
2006-02-01,Farmed,High,0.08416510525773431
2006-02-01,Wild,Low,0.7502347106027112
2006-02-01,Wild,Medium,0.8073366876950476
2006-02-01,Wild,High,0.75007471825313
2006-03-01,Farmed,Low,0.21389995730874603
2006-03-01,Farmed,Medium,0.08713192487571778
2006-03-01,Farmed,High,0.09925551063521182
2006-03-01,Wild,Low,0.8390480386729581
2006-03-01,Wild,Medium,0.9555653772447286
2006-03-01,Wild,High,0.8149334713695288
2006-04-01,Farmed,Low,0.1860163262949252
2006-04-01,Farmed,Medium,0.06658078204306121
2006-04-01,Farmed,High,0.08082626348594571
2006-04-01,Wild,Low,0.8158747102421008
2006-04-01,Wild,Medium,0.9193806310431488
2006-04-01,Wild,High,0.81063992489260706
2006-05-01,Farmed,Low,0.16014686430400643
2006-05-01,Farmed,Medium,0.07368594871183905
2006-05-01,Farmed,High,0.09616430324187634
2006-05-01,Wild,Low,0.7312157056341613
2006-05-01,Wild,Medium,0.8180495563179345
2006-05-01,Wild,High,0.812388200781041
2006-06-01,Farmed,Low,0.1656372722377098
2006-06-01,Farmed,Medium,0.06490873646098975
2006-06-01,Farmed,High,0.07577338099325119
2006-06-01,Wild,Low,0.7703563162001155
2006-06-01,Wild,Medium,0.7967575644599703
2006-06-01,Wild,High,0.7892949826421993
2006-07-01,Farmed,Low,0.16263302216989564
2006-07-01,Farmed,Medium,0.0572939222649439
2006-07-01,Farmed,High,0.06512921093987058
2006-07-01,Wild,Low,0.723095580365401
2006-07-01,Wild,Medium,0.7282164767242513
2006-07-01,Wild,High,0.7929720678691654
2006-08-01,Farmed,Low,0.16548047517043118
2006-08-01,Farmed,Medium,0.06156145001454423
2006-08-01,Farmed,High,0.06183784193372093
2006-08-01,Wild,Low,0.7383042111880755
2006-08-01,Wild,Medium,0.6847836890880766
2006-08-01,Wild,High,0.7293432702048256
2006-09-01,Farmed,Low,0.18932275877478721
2006-09-01,Farmed,Medium,0.07577566333775308
2006-09-01,Farmed,High,0.0744341012395527
2006-09-01,Wild,Low,0.8260653784429594
2006-09-01,Wild,Medium,0.8378550572018296
2006-09-01,Wild,High,0.7986233810902508
2006-10-01,Farmed,Low,0.2306400412921767
2006-10-01,Farmed,Medium,0.10865466176282126
2006-10-01,Farmed,High,0.1001819142685217
2006-10-01,Wild,Low,0.9272414819764966
2006-10-01,Wild,Medium,0.9351393068907745
2006-10-01,Wild,High,0.8694776249786172
2006-11-01,Farmed,Low,0.19451669015769743
2006-11-01,Farmed,Medium,0.09591758180122398
2006-11-01,Farmed,High,0.08425366022440695
2006-11-01,Wild,Low,0.9406705687910615
2006-11-01,Wild,Medium,0.8521854418601837
2006-11-01,Wild,High,0.7306547053556013
2006-12-01,Farmed,Low,0.3133195685136429
2006-12-01,Farmed,Medium,0.1077243781438582
2006-12-01,Farmed,High,0.11971969614234715
2006-12-01,Wild,Low,1.693930527031005
2006-12-01,Wild,Medium,1.1611044219397666
2006-12-01,Wild,High,0.7812214172012772
2007-01-01,Farmed,Low,0.21970368677337962
2007-01-01,Farmed,Medium,0.10584806061003366
2007-01-01,Farmed,High,0.10337888571503387
2007-01-01,Wild,Low,1.1005152838364296
2007-01-01,Wild,Medium,0.8395669656681338
2007-01-01,Wild,High,0.7709496708387671
2007-02-01,Farmed,Low,0.1858502234602563
2007-02-01,Farmed,Medium,0.08907962950368228
2007-02-01,Farmed,High,0.08261944342631086
2007-02-01,Wild,Low,0.9084598580583761
2007-02-01,Wild,Medium,0.773137422533393
2007-02-01,Wild,High,0.7168960266287465
2007-03-01,Farmed,Low,0.21827169977211427
2007-03-01,Farmed,Medium,0.09909009472908194
2007-03-01,Farmed,High,0.10236298381177354
2007-03-01,Wild,Low,1.0777677300374222
2007-03-01,Wild,Medium,0.9827721636233335
2007-03-01,Wild,High,0.8611527525133685
2007-04-01,Farmed,Low,0.1601468298050932
2007-04-01,Farmed,Medium,0.08258807459824373
2007-04-01,Farmed,High,0.09498077825228561
2007-04-01,Wild,Low,0.9082687322702242
2007-04-01,Wild,Medium,0.8334157625472237
2007-04-01,Wild,High,0.7467636322098234
2007-05-01,Farmed,Low,0.15676370169805132
2007-05-01,Farmed,Medium,0.08397726555550314
2007-05-01,Farmed,High,0.09381049690232338
2007-05-01,Wild,Low,0.9246896415742031
2007-05-01,Wild,Medium,0.7964207111031757
2007-05-01,Wild,High,0.7946324638402906
2007-06-01,Farmed,Low,0.17149226272780763
2007-06-01,Farmed,Medium,0.07397038533902542
2007-06-01,Farmed,High,0.10965197913929053
2007-06-01,Wild,Low,0.9971012202213488
2007-06-01,Wild,Medium,0.7908794076251141
2007-06-01,Wild,High,0.7889625481671537
2007-07-01,Farmed,Low,0.1455955026539163
2007-07-01,Farmed,Medium,0.07401452576137704
2007-07-01,Farmed,High,0.08340142349741332
2007-07-01,Wild,Low,0.9209368094220841
2007-07-01,Wild,Medium,0.7301603355769399
2007-07-01,Wild,High,0.762014932353013
2007-08-01,Farmed,Low,0.15416837930161012
2007-08-01,Farmed,Medium,0.0692103897428934
2007-08-01,Farmed,High,0.07910120529552264
2007-08-01,Wild,Low,0.8717318897790141
2007-08-01,Wild,Medium,0.6772003431511746
2007-08-01,Wild,High,0.7194115825766741
2007-09-01,Farmed,Low,0.18252714425265726
2007-09-01,Farmed,Medium,0.09805940466401854
2007-09-01,Farmed,High,0.08857167855205211
2007-09-01,Wild,Low,0.9647772113395566
2007-09-01,Wild,Medium,0.7902186456681853
2007-09-01,Wild,High,0.771884461915168
2007-10-01,Farmed,Low,0.23091737061821194
2007-10-01,Farmed,Medium,0.1052533972551036
2007-10-01,Farmed,High,0.10339815513798943
2007-10-01,Wild,Low,1.1114013874910178
2007-10-01,Wild,Medium,0.9116845735836789
2007-10-01,Wild,High,0.8525585898752006
2007-11-01,Farmed,Low,0.20709117725981002
2007-11-01,Farmed,Medium,0.11198671619971681
2007-11-01,Farmed,High,0.10453258639873204
2007-11-01,Wild,Low,1.1762757089428009
2007-11-01,Wild,Medium,0.9422089079866472
2007-11-01,Wild,High,0.7646763533514528
2007-12-01,Farmed,Low,0.2992207531038496
2007-12-01,Farmed,Medium,0.1130055309227263
2007-12-01,Farmed,High,0.13237040474080697
2007-12-01,Wild,Low,1.740181255763859
2007-12-01,Wild,Medium,1.1753099971644474
2007-12-01,Wild,High,0.7800213118527294
2008-01-01,Farmed,Low,0.25721142545032555
2008-01-01,Farmed,Medium,0.13172030212418695
2008-01-01,Farmed,High,0.10681362516328245
2008-01-01,Wild,Low,1.1668134340531537
2008-01-01,Wild,Medium,0.8959287968791455
2008-01-01,Wild,High,0.820738794258812
2008-02-01,Farmed,Low,0.198864206083168
2008-02-01,Farmed,Medium,0.11332387443742209
2008-02-01,Farmed,High,0.11178870947506976
2008-02-01,Wild,Low,1.013649644762758
2008-02-01,Wild,Medium,0.9042630384068157
2008-02-01,Wild,High,0.8223567746292983
2008-03-01,Farmed,Low,0.2148188340088901
2008-03-01,Farmed,Medium,0.1056282013047028
2008-03-01,Farmed,High,0.1051315369975188
2008-03-01,Wild,Low,1.0569141934766129
2008-03-01,Wild,Medium,1.0292490561858227
2008-03-01,Wild,High,0.888401720403757
2008-04-01,Farmed,Low,0.20181978077291002
2008-04-01,Farmed,Medium,0.12242512809221784
2008-04-01,Farmed,High,0.10936059821123921
2008-04-01,Wild,Low,1.0413191167443323
2008-04-01,Wild,Medium,0.9027404212335746
2008-04-01,Wild,High,0.8215293049728185
2008-05-01,Farmed,Low,0.1926222513543882
2008-05-01,Farmed,Medium,0.1114720489062267
2008-05-01,Farmed,High,0.11111774497004998
2008-05-01,Wild,Low,1.0939999826904847
2008-05-01,Wild,Medium,0.8821504118685488
2008-05-01,Wild,High,0.8656877125546325
2008-06-01,Farmed,Low,0.15900946202488117
2008-06-01,Farmed,Medium,0.0963111256771941
2008-06-01,Farmed,High,0.10754048436525221
2008-06-01,Wild,Low,0.8994113787115586
2008-06-01,Wild,Medium,0.7278160279248868
2008-06-01,Wild,High,0.7765475342836887
2008-07-01,Farmed,Low,0.16917385562982729
2008-07-01,Farmed,Medium,0.08737459027218558
2008-07-01,Farmed,High,0.09911133592357725
2008-07-01,Wild,Low,0.9760457459294034
2008-07-01,Wild,Medium,0.7541387799223971
2008-07-01,Wild,High,0.8412548857388916
2008-08-01,Farmed,Low,0.19160679300286046
2008-08-01,Farmed,Medium,0.08500009228910299
2008-08-01,Farmed,High,0.07437850287726816
2008-08-01,Wild,Low,0.9455276976779627
2008-08-01,Wild,Medium,0.7059566385850463
2008-08-01,Wild,High,0.7316508604188948
2008-09-01,Farmed,Low,0.187873255388223
2008-09-01,Farmed,Medium,0.10546325491329535
2008-09-01,Farmed,High,0.09784104338228171
2008-09-01,Wild,Low,1.0110022894019117
2008-09-01,Wild,Medium,0.8267792999369518
2008-09-01,Wild,High,0.7872108736120208
2008-10-01,Farmed,Low,0.24168661633706762
2008-10-01,Farmed,Medium,0.12218375425804207
2008-10-01,Farmed,High,0.11855721506328025
2008-10-01,Wild,Low,1.1606511007498252
2008-10-01,Wild,Medium,0.962076406382696
2008-10-01,Wild,High,0.8517199699992666
2008-11-01,Farmed,Low,0.21957079581611796
2008-11-01,Farmed,Medium,0.1283586353504819
2008-11-01,Farmed,High,0.11749681281257233
2008-11-01,Wild,Low,1.176483444767118
2008-11-01,Wild,Medium,0.9162425267421043
2008-11-01,Wild,High,0.7809568273773702
2008-12-01,Farmed,Low,0.36789638576684863
2008-12-01,Farmed,Medium,0.14142841248872517
2008-12-01,Farmed,High,0.1518882494918354
2008-12-01,Wild,Low,2.005738765708143
2008-12-01,Wild,Medium,1.3344694634837644
2008-12-01,Wild,High,0.9035731381473189
2009-01-01,Farmed,Low,0.2476941821148863
2009-01-01,Farmed,Medium,0.1269106020230807
2009-01-01,Farmed,High,0.11964135558506557
2009-01-01,Wild,Low,1.1536665142454774
2009-01-01,Wild,Medium,0.8386792322733582
2009-01-01,Wild,High,0.8252467697760356
2009-02-01,Farmed,Low,0.19767078847600544
2009-02-01,Farmed,Medium,0.10746791582359377
2009-02-01,Farmed,High,0.1040219239650986
2009-02-01,Wild,Low,0.9285214959446373
2009-02-01,Wild,Medium,0.8243627892625575
2009-02-01,Wild,High,0.7983800683824687
2009-03-01,Farmed,Low,0.21419596149624318
2009-03-01,Farmed,Medium,0.11478645733168981
2009-03-01,Farmed,High,0.10484550691523446
2009-03-01,Wild,Low,1.1018127635675106
2009-03-01,Wild,Medium,0.9764318630659952
2009-03-01,Wild,High,0.8800573364593973
2009-04-01,Farmed,Low,0.20536592655553054
2009-04-01,Farmed,Medium,0.10879488581820472
2009-04-01,Farmed,High,0.1078820388222466
2009-04-01,Wild,Low,1.077584236622734
2009-04-01,Wild,Medium,0.9930955952021361
2009-04-01,Wild,High,0.8597075765604483
2009-05-01,Farmed,Low,0.17742405971452285
2009-05-01,Farmed,Medium,0.09763776828988793
2009-05-01,Farmed,High,0.10427994590849517
2009-05-01,Wild,Low,0.9727012032802759
2009-05-01,Wild,Medium,0.830043268914856
2009-05-01,Wild,High,0.8176939656601225
2009-06-01,Farmed,Low,0.17526551297462778
2009-06-01,Farmed,Medium,0.0925490515284256
2009-06-01,Farmed,High,0.09991622195700685
2009-06-01,Wild,Low,0.9780601547277223
2009-06-01,Wild,Medium,0.8200579085253549
2009-06-01,Wild,High,0.8114152836708959
2009-07-01,Farmed,Low,0.1781930183978123
2009-07-01,Farmed,Medium,0.08501667600011362
2009-07-01,Farmed,High,0.09321053807694399
2009-07-01,Wild,Low,1.0053269899784327
2009-07-01,Wild,Medium,0.8022350760927165
2009-07-01,Wild,High,0.8195800572153812
2009-08-01,Farmed,Low,0.14505540676030168
2009-08-01,Farmed,Medium,0.07964662205940563
2009-08-01,Farmed,High,0.06955823053243798
2009-08-01,Wild,Low,0.8523170908960179
2009-08-01,Wild,Medium,0.6602117602421224
2009-08-01,Wild,High,0.6564753271599071
2009-09-01,Farmed,Low,0.18962081471184375
2009-09-01,Farmed,Medium,0.10217557933571608
2009-09-01,Farmed,High,0.09971815347722222
2009-09-01,Wild,Low,0.9736200456225952
2009-09-01,Wild,Medium,0.8039155494727726
2009-09-01,Wild,High,0.8013351079889418
2009-10-01,Farmed,Low,0.2470053834329447
2009-10-01,Farmed,Medium,0.10759981344354005
2009-10-01,Farmed,High,0.11411231394085333
2009-10-01,Wild,Low,1.175175374440924
2009-10-01,Wild,Medium,0.9227237739634975
2009-10-01,Wild,High,0.8664832061480585
2009-11-01,Farmed,Low,0.24180808428738518
2009-11-01,Farmed,Medium,0.10810275638828465
2009-11-01,Farmed,High,0.10628927513895607
2009-11-01,Wild,Low,1.2131878688196809
2009-11-01,Wild,Medium,0.9071198858340966
2009-11-01,Wild,High,0.832593733666881
2009-12-01,Farmed,Low,0.38182873240347537
2009-12-01,Farmed,Medium,0.13113532275893539
2009-12-01,Farmed,High,0.15185301928456954
2009-12-01,Wild,Low,2.146010914753542
2009-12-01,Wild,Medium,1.323974986028724
2009-12-01,Wild,High,0.9712922968853953
2010-01-01,Farmed,Low,0.2568747055335503
2010-01-01,Farmed,Medium,0.12464862713184267
2010-01-01,Farmed,High,0.11158242708096196
2010-01-01,Wild,Low,1.1468339381612684
2010-01-01,Wild,Medium,0.8501707019128266
2010-01-01,Wild,High,0.8616255860885158
2010-02-01,Farmed,Low,0.1895766895741711
2010-02-01,Farmed,Medium,0.09894441648245922
2010-02-01,Farmed,High,0.08829714942335479
2010-02-01,Wild,Low,0.8603632217599242
2010-02-01,Wild,Medium,0.7642713698854775
2010-02-01,Wild,High,0.7590055321361014
2010-03-01,Farmed,Low,0.19903517036004928
2010-03-01,Farmed,Medium,0.09878659373056597
2010-03-01,Farmed,High,0.10164721274108898
2010-03-01,Wild,Low,0.9889117035126876
2010-03-01,Wild,Medium,0.9498896471556115
2010-03-01,Wild,High,0.8718065685482336
2010-04-01,Farmed,Low,0.1710554821581967
2010-04-01,Farmed,Medium,0.0780277862225768
2010-04-01,Farmed,High,0.08439925398142302
2010-04-01,Wild,Low,0.9250846996621882
2010-04-01,Wild,Medium,0.7567496463735224
2010-04-01,Wild,High,0.7538117486362104
2010-05-01,Farmed,Low,0.15067936761272938
2010-05-01,Farmed,Medium,0.08731930142127965
2010-05-01,Farmed,High,0.09094247643163997
2010-05-01,Wild,Low,0.840037175121954
2010-05-01,Wild,Medium,0.7181951807351591
2010-05-01,Wild,High,0.7589589472134737
2010-06-01,Farmed,Low,0.1567641421795157
2010-06-01,Farmed,Medium,0.07526273160940708
2010-06-01,Farmed,High,0.08721372344242692
2010-06-01,Wild,Low,0.8453080196620798
2010-06-01,Wild,Medium,0.7313462785422308
2010-06-01,Wild,High,0.7584876558233372
2010-07-01,Farmed,Low,0.16132859385082282
2010-07-01,Farmed,Medium,0.07486741282673377
2010-07-01,Farmed,High,0.07350883104112581
2010-07-01,Wild,Low,0.8787664430634488
2010-07-01,Wild,Medium,0.7328524518116782
2010-07-01,Wild,High,0.8064670785182111
2010-08-01,Farmed,Low,0.15163849457113165
2010-08-01,Farmed,Medium,0.07293827458221244
2010-08-01,Farmed,High,0.07192211374657423
2010-08-01,Wild,Low,0.8041304310439736
2010-08-01,Wild,Medium,0.6751108755876282
2010-08-01,Wild,High,0.7141851767177446
2010-09-01,Farmed,Low,0.15617965378112486
2010-09-01,Farmed,Medium,0.08305895786637926
2010-09-01,Farmed,High,0.07905221914727974
2010-09-01,Wild,Low,0.8258692634195813
2010-09-01,Wild,Medium,0.7277322463671525
2010-09-01,Wild,High,0.7780089152699291
2010-10-01,Farmed,Low,0.19775408498778474
2010-10-01,Farmed,Medium,0.09111357806334772
2010-10-01,Farmed,High,0.1026224485045121
2010-10-01,Wild,Low,0.9513744871427343
2010-10-01,Wild,Medium,0.8092983098438987
2010-10-01,Wild,High,0.7917144607308931
2010-11-01,Farmed,Low,0.18920879929734408
2010-11-01,Farmed,Medium,0.09977706755279259
2010-11-01,Farmed,High,0.11505583374193945
2010-11-01,Wild,Low,1.0089884990459437
2010-11-01,Wild,Medium,0.8351646969762622
2010-11-01,Wild,High,0.7451473884005482
2010-12-01,Farmed,Low,0.31192480519979604
2010-12-01,Farmed,Medium,0.11266977141986786
2010-12-01,Farmed,High,0.11986670659275438
2010-12-01,Wild,Low,1.7305377942103044
2010-12-01,Wild,Medium,1.165344261249526
2010-12-01,Wild,High,0.8053860470893809
2011-01-01,Farmed,Low,0.20031944034902918
2011-01-01,Farmed,Medium,0.10542330172869438
2011-01-01,Farmed,High,0.10067030109616083
2011-01-01,Wild,Low,0.9406064256673187
2011-01-01,Wild,Medium,0.7870497037967977
2011-01-01,Wild,High,0.7802454448563443
2011-02-01,Farmed,Low,0.17457378417874608
2011-02-01,Farmed,Medium,0.08345677246544889
2011-02-01,Farmed,High,0.08712803016368796
2011-02-01,Wild,Low,0.7985200142499652
2011-02-01,Wild,Medium,0.6793842479482493
2011-02-01,Wild,High,0.7256209133559705
2011-03-01,Farmed,Low,0.18118976231838752
2011-03-01,Farmed,Medium,0.08541432620814977
2011-03-01,Farmed,High,0.10451545703403871
2011-03-01,Wild,Low,0.8841367859025066
2011-03-01,Wild,Medium,0.8520242314019895
2011-03-01,Wild,High,0.8014250736893447
2011-04-01,Farmed,Low,0.16873577184801508
2011-04-01,Farmed,Medium,0.07200193416142218
2011-04-01,Farmed,High,0.08616766732899099
2011-04-01,Wild,Low,0.8692371062799209
2011-04-01,Wild,Medium,0.8639754859840827
2011-04-01,Wild,High,0.7753035096702183
2011-05-01,Farmed,Low,0.15669952940444415
2011-05-01,Farmed,Medium,0.0840244477966006
2011-05-01,Farmed,High,0.0996354104444758
2011-05-01,Wild,Low,0.865622071320813
2011-05-01,Wild,Medium,0.7410279051362993
2011-05-01,Wild,High,0.7905488065961463
2011-06-01,Farmed,Low,0.1597564774065156
2011-06-01,Farmed,Medium,0.07265241817811618
2011-06-01,Farmed,High,0.103303835213999
2011-06-01,Wild,Low,0.8201709988377759
2011-06-01,Wild,Medium,0.6741306906033719
2011-06-01,Wild,High,0.7742821299093322
2011-07-01,Farmed,Low,0.17187705395878355
2011-07-01,Farmed,Medium,0.07335454866447734
2011-07-01,Farmed,High,0.08937214554188386
2011-07-01,Wild,Low,0.8760385322916582
2011-07-01,Wild,Medium,0.6851109043886852
2011-07-01,Wild,High,0.7822637976076408
2011-08-01,Farmed,Low,0.16249068945256567
2011-08-01,Farmed,Medium,0.06674772306376428
2011-08-01,Farmed,High,0.09410444400303186
2011-08-01,Wild,Low,0.8021609814027033
2011-08-01,Wild,Medium,0.6782846357712851
2011-08-01,Wild,High,0.7228590257755417
2011-09-01,Farmed,Low,0.16600657190661622
2011-09-01,Farmed,Medium,0.08418810390934338
2011-09-01,Farmed,High,0.10683148521810028
2011-09-01,Wild,Low,0.8705596481550685
2011-09-01,Wild,Medium,0.7165062920888873
2011-09-01,Wild,High,0.7606875587544116
2011-10-01,Farmed,Low,0.20453527411350558
2011-10-01,Farmed,Medium,0.08724701316975665
2011-10-01,Farmed,High,0.12123431272743226
2011-10-01,Wild,Low,0.9259479808207733
2011-10-01,Wild,Medium,0.7723376512222433
2011-10-01,Wild,High,0.7611711178944599
2011-11-01,Farmed,Low,0.21319488344529308
2011-11-01,Farmed,Medium,0.09319747097875034
2011-11-01,Farmed,High,0.1419809393020838
2011-11-01,Wild,Low,1.0532600152318221
2011-11-01,Wild,Medium,0.8333401948501213
2011-11-01,Wild,High,0.7514979738351535
2011-12-01,Farmed,Low,0.3201442620814944
2011-12-01,Farmed,Medium,0.10361218860884723
2011-12-01,Farmed,High,0.15769889948838337
2011-12-01,Wild,Low,1.6812706263400126
2011-12-01,Wild,Medium,1.1043224657483166
2011-12-01,Wild,High,0.7953453907473862
2012-01-01,Farmed,Low,0.2081882569168004
2012-01-01,Farmed,Medium,0.09877274891683471
2012-01-01,Farmed,High,0.11106933589012191
2012-01-01,Wild,Low,0.8916941165441716
2012-01-01,Wild,Medium,0.7493685405680548
2012-01-01,Wild,High,0.7727507018096578
2012-02-01,Farmed,Low,0.18380194712291217
2012-02-01,Farmed,Medium,0.0911695687739666
2012-02-01,Farmed,High,0.11070401336234487
2012-02-01,Wild,Low,0.7619703227130917
2012-02-01,Wild,Medium,0.7338220374415425
2012-02-01,Wild,High,0.7482052824418772
2012-03-01,Farmed,Low,0.1910749694732972
2012-03-01,Farmed,Medium,0.09823247097765635
2012-03-01,Farmed,High,0.11454521802755151
2012-03-01,Wild,Low,0.8620953944748766
2012-03-01,Wild,Medium,0.8590393184983031
2012-03-01,Wild,High,0.7361040551091124
2012-04-01,Farmed,Low,0.17714864896551788
2012-04-01,Farmed,Medium,0.07251814976075
2012-04-01,Farmed,High,0.12336006207419349
2012-04-01,Wild,Low,0.7928671010605254
2012-04-01,Wild,Medium,0.7642951024353094
2012-04-01,Wild,High,0.7199643098742132
2012-05-01,Farmed,Low,0.15814102420774862
2012-05-01,Farmed,Medium,0.08043520772605753
2012-05-01,Farmed,High,0.12783227837828778
2012-05-01,Wild,Low,0.795307794169453
2012-05-01,Wild,Medium,0.7124820356422019
2012-05-01,Wild,High,0.7293424408843618
2012-06-01,Farmed,Low,0.16567257248242506
2012-06-01,Farmed,Medium,0.0823482127393072
2012-06-01,Farmed,High,0.12405358879804834
2012-06-01,Wild,Low,0.828752279295567
2012-06-01,Wild,Medium,0.7120064434506632
2012-06-01,Wild,High,0.7513887763173247
2012-07-01,Farmed,Low,0.16540037138329708
2012-07-01,Farmed,Medium,0.07014735198987596
2012-07-01,Farmed,High,0.1180059055262738
2012-07-01,Wild,Low,0.8019109500191132
2012-07-01,Wild,Medium,0.6635993634569317
2012-07-01,Wild,High,0.7560832684790803
2012-08-01,Farmed,Low,0.1662749313740361
2012-08-01,Farmed,Medium,0.06924934884227424
2012-08-01,Farmed,High,0.10091866603484059
2012-08-01,Wild,Low,0.793238284377518
2012-08-01,Wild,Medium,0.6491555569680351
2012-08-01,Wild,High,0.7124460026418389
2012-09-01,Farmed,Low,0.16674553104142803
2012-09-01,Farmed,Medium,0.080670941692288
2012-09-01,Farmed,High,0.12019914309053963
2012-09-01,Wild,Low,0.7962466057752973
2012-09-01,Wild,Medium,0.6883377547362947
2012-09-01,Wild,High,0.7379918804353613
2012-10-01,Farmed,Low,0.19445990084475018
2012-10-01,Farmed,Medium,0.09434003867337937
2012-10-01,Farmed,High,0.1447093977230257
2012-10-01,Wild,Low,0.8910889357910865
2012-10-01,Wild,Medium,0.7361036209765779
2012-10-01,Wild,High,0.7545490441021769
2012-11-01,Farmed,Low,0.21121394361595894
2012-11-01,Farmed,Medium,0.09830128098437373
2012-11-01,Farmed,High,0.16089971939819342
2012-11-01,Wild,Low,1.0702780076687284
2012-11-01,Wild,Medium,0.8389168413919521
2012-11-01,Wild,High,0.7815870354167567
2012-12-01,Farmed,Low,0.31148119378279066
2012-12-01,Farmed,Medium,0.11331879361760477
2012-12-01,Farmed,High,0.177080273091335
2012-12-01,Wild,Low,1.6730458521272327
2012-12-01,Wild,Medium,1.0848181915802826
2012-12-01,Wild,High,0.7968439721427615
2013-01-01,Farmed,Low,0.21043511315959001
2013-01-01,Farmed,Medium,0.11101412659363999
2013-01-01,Farmed,High,0.12724521632464
2013-01-01,Wild,Low,1.00779672663425
2013-01-01,Wild,Medium,0.79170354455396
2013-01-01,Wild,High,0.81300188258078
2013-02-01,Farmed,Low,0.19614218347523
2013-02-01,Farmed,Medium,0.08281687873323
2013-02-01,Farmed,High,0.11424238927933
2013-02-01,Wild,Low,0.79173510506011
2013-02-01,Wild,Medium,0.7165340770397299
2013-02-01,Wild,High,0.73436473699509
2013-03-01,Farmed,Low,0.19305929924412002
2013-03-01,Farmed,Medium,0.08401090920449
2013-03-01,Farmed,High,0.10428161400694
2013-03-01,Wild,Low,0.90644604502637
2013-03-01,Wild,Medium,0.99198764142471
2013-03-01,Wild,High,0.82715176464841
2013-04-01,Farmed,Low,0.13792363397775
2013-04-01,Farmed,Medium,0.08218704955399
2013-04-01,Farmed,High,0.11022480532416
2013-04-01,Wild,Low,0.85566179391633
2013-04-01,Wild,Medium,0.8125376626726201
2013-04-01,Wild,High,0.82736573803251
2013-05-01,Farmed,Low,0.14562016596070002
2013-05-01,Farmed,Medium,0.08787095402299999
2013-05-01,Farmed,High,0.09908560997318
2013-05-01,Wild,Low,0.87158792618696
2013-05-01,Wild,Medium,0.75152638715039
2013-05-01,Wild,High,0.78488615448321
2013-06-01,Farmed,Low,0.15840871607915
2013-06-01,Farmed,Medium,0.07897194487364001
2013-06-01,Farmed,High,0.13737894479415
2013-06-01,Wild,Low,0.85358114061553
2013-06-01,Wild,Medium,0.7332537422357
2013-06-01,Wild,High,0.77483774844388
2013-07-01,Farmed,Low,0.15849174759969
2013-07-01,Farmed,Medium,0.07116809419872
2013-07-01,Farmed,High,0.10515713325975
2013-07-01,Wild,Low,0.8649502488754
2013-07-01,Wild,Medium,0.71270881654566
2013-07-01,Wild,High,0.79329628330128
2013-08-01,Farmed,Low,0.15498642228374002
2013-08-01,Farmed,Medium,0.06423582598577
2013-08-01,Farmed,High,0.07483477367206
2013-08-01,Wild,Low,0.83538078917544
2013-08-01,Wild,Medium,0.6619097390480501
2013-08-01,Wild,High,0.7204058243584
2013-09-01,Farmed,Low,0.18071397428664
2013-09-01,Farmed,Medium,0.08010769336908
2013-09-01,Farmed,High,0.12644991265965
2013-09-01,Wild,Low,0.89250248159436
2013-09-01,Wild,Medium,0.75126125136836
2013-09-01,Wild,High,0.734299307646
2013-10-01,Farmed,Low,0.18169799397459
2013-10-01,Farmed,Medium,0.09757534419245001
2013-10-01,Farmed,High,0.14522553698178
2013-10-01,Wild,Low,0.89691817512273
2013-10-01,Wild,Medium,0.76971533036801
2013-10-01,Wild,High,0.72876085222294
2013-11-01,Farmed,Low,0.18608640703811
2013-11-01,Farmed,Medium,0.10003273906758
2013-11-01,Farmed,High,0.1364566042903
2013-11-01,Wild,Low,0.99261520065117
2013-11-01,Wild,Medium,0.81532325301576
2013-11-01,Wild,High,0.71655044077437
2013-12-01,Farmed,Low,0.30860537161289997
2013-12-01,Farmed,Medium,0.11253645091959
2013-12-01,Farmed,High,0.16926886055066
2013-12-01,Wild,Low,1.70831188768917
2013-12-01,Wild,Medium,1.13671801169573
2013-12-01,Wild,High,0.79273682265903
2014-01-01,Farmed,Low,0.21745750311971
2014-01-01,Farmed,Medium,0.11135073256637
2014-01-01,Farmed,High,0.10473742812101
2014-01-01,Wild,Low,0.95167717328588
2014-01-01,Wild,Medium,0.73956144910934
2014-01-01,Wild,High,0.76186703661055
2014-02-01,Farmed,Low,0.17555083402293
2014-02-01,Farmed,Medium,0.07910118040344
2014-02-01,Farmed,High,0.10120308133268001
2014-02-01,Wild,Low,0.78527745964695
2014-02-01,Wild,Medium,0.68886502103906
2014-02-01,Wild,High,0.69394822932744
2014-03-01,Farmed,Low,0.19065738739711
2014-03-01,Farmed,Medium,0.07801503703723
2014-03-01,Farmed,High,0.13675003344375
2014-03-01,Wild,Low,0.8454820232428
2014-03-01,Wild,Medium,0.84687635750246
2014-03-01,Wild,High,0.7927370287496099
2014-04-01,Farmed,Low,0.16870880633694
2014-04-01,Farmed,Medium,0.07237039774925999
2014-04-01,Farmed,High,0.10503506254691
2014-04-01,Wild,Low,0.81300062768127
2014-04-01,Wild,Medium,0.85244467227399
2014-04-01,Wild,High,0.76410320336833
2014-05-01,Farmed,Low,0.1628945889393
2014-05-01,Farmed,Medium,0.08289306694071999
2014-05-01,Farmed,High,0.13667691809881
2014-05-01,Wild,Low,0.85356673047447
2014-05-01,Wild,Medium,0.76097180269567
2014-05-01,Wild,High,0.7700711513465001
2014-06-01,Farmed,Low,0.15266726815497
2014-06-01,Farmed,Medium,0.06588204864806
2014-06-01,Farmed,High,0.12708780726793
2014-06-01,Wild,Low,0.79080698817328
2014-06-01,Wild,Medium,0.67926015883152
2014-06-01,Wild,High,0.74091322375392
2014-07-01,Farmed,Low,0.16619290289338
2014-07-01,Farmed,Medium,0.08291932481243
2014-07-01,Farmed,High,0.12331294350586
2014-07-01,Wild,Low,0.8216298678455
2014-07-01,Wild,Medium,0.68745628689115
2014-07-01,Wild,High,0.79380187579947
2014-08-01,Farmed,Low,0.16485720667766
2014-08-01,Farmed,Medium,0.06922056860177
2014-08-01,Farmed,High,0.12197435624715999
2014-08-01,Wild,Low,0.76855174417343
2014-08-01,Wild,Medium,0.61847684898788
2014-08-01,Wild,High,0.6747146796306
2014-09-01,Farmed,Low,0.17286055912535
2014-09-01,Farmed,Medium,0.07489722152263
2014-09-01,Farmed,High,0.14952891929702
2014-09-01,Wild,Low,0.8432276923735801
2014-09-01,Wild,Medium,0.70557586255485
2014-09-01,Wild,High,0.72099554829968
2014-10-01,Farmed,Low,0.18714707871991
2014-10-01,Farmed,Medium,0.08796215242053
2014-10-01,Farmed,High,0.18489476660586
2014-10-01,Wild,Low,0.8596621886409
2014-10-01,Wild,Medium,0.73446020677191
2014-10-01,Wild,High,0.70338068596341
2014-11-01,Farmed,Low,0.18730784627622
2014-11-01,Farmed,Medium,0.09569559759474999
2014-11-01,Farmed,High,0.15600504387539
2014-11-01,Wild,Low,0.93985113651681
2014-11-01,Wild,Medium,0.76706272496532
2014-11-01,Wild,High,0.6993143187765299
2014-12-01,Farmed,Low,0.33850268609319
2014-12-01,Farmed,Medium,0.10671591703618
2014-12-01,Farmed,High,0.17149289746452
2014-12-01,Wild,Low,1.65955918127679
2014-12-01,Wild,Medium,1.10776674809921
2014-12-01,Wild,High,0.79791869290229
2015-01-01,Farmed,Low,0.21932827471247
2015-01-01,Farmed,Medium,0.10128668049245
2015-01-01,Farmed,High,0.14869342129613
2015-01-01,Wild,Low,0.90085601922832
2015-01-01,Wild,Medium,0.69482693439506
2015-01-01,Wild,High,0.77154794985608
2015-02-01,Farmed,Low,0.16649373858266
2015-02-01,Farmed,Medium,0.08184381404433999
2015-02-01,Farmed,High,0.1490977055894
2015-02-01,Wild,Low,0.70310417593396
2015-02-01,Wild,Medium,0.6500048530365901
2015-02-01,Wild,High,0.6905672101063101
2015-03-01,Farmed,Low,0.1773925331414
2015-03-01,Farmed,Medium,0.0819250982616
2015-03-01,Farmed,High,0.14934802730818
2015-03-01,Wild,Low,0.78760966635388
2015-03-01,Wild,Medium,0.8563065390411
2015-03-01,Wild,High,0.72720245292769
2015-04-01,Farmed,Low,0.15771495750717002
2015-04-01,Farmed,Medium,0.08638001586039
2015-04-01,Farmed,High,0.15132075024781
2015-04-01,Wild,Low,0.7657807001387
2015-04-01,Wild,Medium,0.73829220171013
2015-04-01,Wild,High,0.72523550713041
2015-05-01,Farmed,Low,0.13819635954464
2015-05-01,Farmed,Medium,0.08559665210628001
2015-05-01,Farmed,High,0.15005853300998
2015-05-01,Wild,Low,0.80171592130829
2015-05-01,Wild,Medium,0.68027747690977
2015-05-01,Wild,High,0.75031054264603
2015-06-01,Farmed,Low,0.15622256022365
2015-06-01,Farmed,Medium,0.07591990726808
2015-06-01,Farmed,High,0.14869049833719
2015-06-01,Wild,Low,0.78572432309597
2015-06-01,Wild,Medium,0.66780699531746
2015-06-01,Wild,High,0.70446896553726
2015-07-01,Farmed,Low,0.14693866317318002
2015-07-01,Farmed,Medium,0.07967424727227
2015-07-01,Farmed,High,0.1376641936124
2015-07-01,Wild,Low,0.79950252696502
2015-07-01,Wild,Medium,0.64609828266805
2015-07-01,Wild,High,0.73209049480081
2015-08-01,Farmed,Low,0.17227765248367
2015-08-01,Farmed,Medium,0.06314526085212
2015-08-01,Farmed,High,0.12227230255396
2015-08-01,Wild,Low,0.74327351509294
2015-08-01,Wild,Medium,0.58133163078369
2015-08-01,Wild,High,0.65629892065101
2015-09-01,Farmed,Low,0.18271244893309
2015-09-01,Farmed,Medium,0.06678325637544
2015-09-01,Farmed,High,0.15368698043991
2015-09-01,Wild,Low,0.80666316196571
2015-09-01,Wild,Medium,0.65045192676755
2015-09-01,Wild,High,0.71487415011943
2015-10-01,Farmed,Low,0.2036999518298
2015-10-01,Farmed,Medium,0.09473370650579
2015-10-01,Farmed,High,0.18342379583466
2015-10-01,Wild,Low,0.89782420097946
2015-10-01,Wild,Medium,0.70329439537167
2015-10-01,Wild,High,0.72099820078665
2015-11-01,Farmed,Low,0.19274609620313998
2015-11-01,Farmed,Medium,0.09929147352235
2015-11-01,Farmed,High,0.17681052178133
2015-11-01,Wild,Low,0.955296022866
2015-11-01,Wild,Medium,0.76124463170405
2015-11-01,Wild,High,0.66807908179333
2015-12-01,Farmed,Low,0.3083191241637
2015-12-01,Farmed,Medium,0.11611818076144001
2015-12-01,Farmed,High,0.18406550850203
2015-12-01,Wild,Low,1.7184936782595701
2015-12-01,Wild,Medium,1.10101328755633
2015-12-01,Wild,High,0.76946078815369
2016-01-01,Farmed,Low,0.20469437589412
2016-01-01,Farmed,Medium,0.12300736493551
2016-01-01,Farmed,High,0.14286366367646
2016-01-01,Wild,Low,0.83645434828914
2016-01-01,Wild,Medium,0.64644767486087
2016-01-01,Wild,High,0.66626748453822
2016-02-01,Farmed,Low,0.17030210776735
2016-02-01,Farmed,Medium,0.09471743464184
2016-02-01,Farmed,High,0.13755972358975
2016-02-01,Wild,Low,0.75639957431754
2016-02-01,Wild,Medium,0.69841877278903
2016-02-01,Wild,High,0.71688640546077
2016-03-01,Farmed,Low,0.17826497825593998
2016-03-01,Farmed,Medium,0.09410207365521
2016-03-01,Farmed,High,0.12055365777575
2016-03-01,Wild,Low,0.82666865750428
2016-03-01,Wild,Medium,0.85247371261446
2016-03-01,Wild,High,0.77582120582183
2016-04-01,Farmed,Low,0.16847147364174
2016-04-01,Farmed,Medium,0.09405168389833
2016-04-01,Farmed,High,0.13328685346875
2016-04-01,Wild,Low,0.81834062256203
2016-04-01,Wild,Medium,0.7414019012669
2016-04-01,Wild,High,0.74847386695806
2016-05-01,Farmed,Low,0.12248006733864
2016-05-01,Farmed,Medium,0.0857615893449
2016-05-01,Farmed,High,0.12413337713066
2016-05-01,Wild,Low,0.70248836391068
2016-05-01,Wild,Medium,0.64582459822745
2016-05-01,Wild,High,0.71979181915804
2016-06-01,Farmed,Low,0.1378661315139
2016-06-01,Farmed,Medium,0.08585904295246
2016-06-01,Farmed,High,0.11291494951365999
2016-06-01,Wild,Low,0.7499092528972799
2016-06-01,Wild,Medium,0.66431054912483
2016-06-01,Wild,High,0.75331194196512
2016-07-01,Farmed,Low,0.16933829978950998
2016-07-01,Farmed,Medium,0.08181658621375
2016-07-01,Farmed,High,0.10771883731045
2016-07-01,Wild,Low,0.7779382157335399
2016-07-01,Wild,Medium,0.63900221468781
2016-07-01,Wild,High,0.70374463157713
2016-08-01,Farmed,Low,0.16485674711947002
2016-08-01,Farmed,Medium,0.07480124772041
2016-08-01,Farmed,High,0.10708592736202
2016-08-01,Wild,Low,0.69826014847693
2016-08-01,Wild,Medium,0.5696014814150699
2016-08-01,Wild,High,0.6453965848534
2016-09-01,Farmed,Low,0.17542600579945
2016-09-01,Farmed,Medium,0.08968855057395
2016-09-01,Farmed,High,0.12665761555295
2016-09-01,Wild,Low,0.79768791792804
2016-09-01,Wild,Medium,0.64188222324558
2016-09-01,Wild,High,0.67330739373309
2016-10-01,Farmed,Low,0.20562245976676
2016-10-01,Farmed,Medium,0.10362817518352
2016-10-01,Farmed,High,0.13183164763444
2016-10-01,Wild,Low,0.8542768727047401
2016-10-01,Wild,Medium,0.73151332084026
2016-10-01,Wild,High,0.70297767988656
2016-11-01,Farmed,Low,0.18956080449393
2016-11-01,Farmed,Medium,0.10913829054161
2016-11-01,Farmed,High,0.12553010282738
2016-11-01,Wild,Low,0.94601581255571
2016-11-01,Wild,Medium,0.7801452734165
2016-11-01,Wild,High,0.66200406461518
2016-12-01,Farmed,Low,0.3042332393825
2016-12-01,Farmed,Medium,0.11967173160380999
2016-12-01,Farmed,High,0.16031665895599
2016-12-01,Wild,Low,1.6117858827643101
2016-12-01,Wild,Medium,1.10611988778857
2016-12-01,Wild,High,0.73929642974385
2017-01-01,Farmed,Low,0.1926700387848
2017-01-01,Farmed,Medium,0.09824198061274
2017-01-01,Farmed,High,0.11809195798658
2017-01-01,Wild,Low,0.76029225076728
2017-01-01,Wild,Medium,0.61622265911214
2017-01-01,Wild,High,0.63883649576831
2017-02-01,Farmed,Low,0.16346394637863002
2017-02-01,Farmed,Medium,0.08632780284059
2017-02-01,Farmed,High,0.12174963847454999
2017-02-01,Wild,Low,0.64425641465929
2017-02-01,Wild,Medium,0.6026572784631999
2017-02-01,Wild,High,0.6309185784292001
2017-03-01,Farmed,Low,0.18120493030496
2017-03-01,Farmed,Medium,0.09477180386048001
2017-03-01,Farmed,High,0.1348848660186
2017-03-01,Wild,Low,0.76379925559175
2017-03-01,Wild,Medium,0.7946992878093
2017-03-01,Wild,High,0.73107304704064
2017-04-01,Farmed,Low,0.15660456428622999
2017-04-01,Farmed,Medium,0.08438705868753
2017-04-01,Farmed,High,0.11396869549123001
2017-04-01,Wild,Low,0.6871526209744
2017-04-01,Wild,Medium,0.6952860829112599
2017-04-01,Wild,High,0.65999008300311
2017-05-01,Farmed,Low,0.14350664574126001
2017-05-01,Farmed,Medium,0.08574320938416
2017-05-01,Farmed,High,0.10541124054104001
2017-05-01,Wild,Low,0.66154011327979
2017-05-01,Wild,Medium,0.58585860836394
2017-05-01,Wild,High,0.65194858363344
2017-06-01,Farmed,Low,0.15332343295896
2017-06-01,Farmed,Medium,0.07399349922571
2017-06-01,Farmed,High,0.10730381000104
2017-06-01,Wild,Low,0.70970045305632
2017-06-01,Wild,Medium,0.60181034677465
2017-06-01,Wild,High,0.7170739237882799
2017-07-01,Farmed,Low,0.17285198398055002
2017-07-01,Farmed,Medium,0.0823705598877
2017-07-01,Farmed,High,0.11434109502943
2017-07-01,Wild,Low,0.74749382062091
2017-07-01,Wild,Medium,0.61549485209897
2017-07-01,Wild,High,0.6795208851107499
2017-08-01,Farmed,Low,0.15962798418141
2017-08-01,Farmed,Medium,0.06965903979153
2017-08-01,Farmed,High,0.10482267429606999
2017-08-01,Wild,Low,0.69126751995944
2017-08-01,Wild,Medium,0.55739058021587
2017-08-01,Wild,High,0.60990606586091
2017-09-01,Farmed,Low,0.18561990304946
2017-09-01,Farmed,Medium,0.09425873331511
2017-09-01,Farmed,High,0.14276387495987
2017-09-01,Wild,Low,0.7746322782181501
2017-09-01,Wild,Medium,0.643992394082
2017-09-01,Wild,High,0.66207867259976
2017-10-01,Farmed,Low,0.18137240319652
2017-10-01,Farmed,Medium,0.08402749271002999
2017-10-01,Farmed,High,0.13245328628472
2017-10-01,Wild,Low,0.75909016397313
2017-10-01,Wild,Medium,0.63733137109212
2017-10-01,Wild,High,0.61406796256835
2017-11-01,Farmed,Low,0.18111352200742
2017-11-01,Farmed,Medium,0.08545661343977001
2017-11-01,Farmed,High,0.14622497628352998
2017-11-01,Wild,Low,0.85608153245656
2017-11-01,Wild,Medium,0.71383024224751
2017-11-01,Wild,High,0.61467466848822
2017-12-01,Farmed,Low,0.31171535380612997
2017-12-01,Farmed,Medium,0.09905350911808
2017-12-01,Farmed,High,0.17410423668581998
2017-12-01,Wild,Low,1.48975923465854
2017-12-01,Wild,Medium,1.02187603570224
2017-12-01,Wild,High,0.68008476498835
2018-01-01,Farmed,Low,0.17772687976413
2018-01-01,Farmed,Medium,0.10480484625753
2018-01-01,Farmed,High,0.14937087658637
2018-01-01,Wild,Low,0.74016333836525
2018-01-01,Wild,Medium,0.60456584655463
2018-01-01,Wild,High,0.64356152085958
2018-02-01,Farmed,Low,0.14772617880156
2018-02-01,Farmed,Medium,0.09592597970691
2018-02-01,Farmed,High,0.11469131847711
2018-02-01,Wild,Low,0.60444174254195
2018-02-01,Wild,Medium,0.59087037349971006
2018-02-01,Wild,High,0.62347685450317
2018-03-01,Farmed,Low,0.17897082626242
2018-03-01,Farmed,Medium,0.09891417779473
2018-03-01,Farmed,High,0.11965551689731
2018-03-01,Wild,Low,0.69235736162279
2018-03-01,Wild,Medium,0.78313832992711
2018-03-01,Wild,High,0.70126852591391
2018-04-01,Farmed,Low,0.14781465052433
2018-04-01,Farmed,Medium,0.0906178740042
2018-04-01,Farmed,High,0.11481446462729
2018-04-01,Wild,Low,0.6461625145022
2018-04-01,Wild,Medium,0.66550994187849
2018-04-01,Wild,High,0.6159792297058
2018-05-01,Farmed,Low,0.14121202773837
2018-05-01,Farmed,Medium,0.09439850558463
2018-05-01,Farmed,High,0.10440026755296
2018-05-01,Wild,Low,0.69267060632454
2018-05-01,Wild,Medium,0.62958930134789
2018-05-01,Wild,High,0.6324123841793
2018-06-01,Farmed,Low,0.15732491064269
2018-06-01,Farmed,Medium,0.09252704682327001
2018-06-01,Farmed,High,0.1137506540553
2018-06-01,Wild,Low,0.72845882964286
2018-06-01,Wild,Medium,0.63086943370661
2018-06-01,Wild,High,0.64543191679014
2018-07-01,Farmed,Low,0.15333541836960998
2018-07-01,Farmed,Medium,0.07337459483599
2018-07-01,Farmed,High,0.11108861616714
2018-07-01,Wild,Low,0.71226932422045
2018-07-01,Wild,Medium,0.59813239763625
2018-07-01,Wild,High,0.66442529697409
2018-08-01,Farmed,Low,0.14412595751118
2018-08-01,Farmed,Medium,0.06975323447661
2018-08-01,Farmed,High,0.1190935854799
2018-08-01,Wild,Low,0.66171563124936
2018-08-01,Wild,Medium,0.54295337134862
2018-08-01,Wild,High,0.57043614121816
2018-09-01,Farmed,Low,0.15899237680515
2018-09-01,Farmed,Medium,0.08868490254093
2018-09-01,Farmed,High,0.13138341127192998
2018-09-01,Wild,Low,0.68529247462928
2018-09-01,Wild,Medium,0.58249273773305
2018-09-01,Wild,High,0.58267315862953
2018-10-01,Farmed,Low,0.17938279466514
2018-10-01,Farmed,Medium,0.10004266304501
2018-10-01,Farmed,High,0.1500387844402
2018-10-01,Wild,Low,0.73647028489698
2018-10-01,Wild,Medium,0.62631166835682
2018-10-01,Wild,High,0.59126352907422
2018-11-01,Farmed,Low,0.18823581277637
2018-11-01,Farmed,Medium,0.10380063551117
2018-11-01,Farmed,High,0.15103969296031
2018-11-01,Wild,Low,0.87641196294387
2018-11-01,Wild,Medium,0.69384817855753
2018-11-01,Wild,High,0.56979942668118
2018-12-01,Farmed,Low,0.28745389956434997
2018-12-01,Farmed,Medium,0.11576984147614
2018-12-01,Farmed,High,0.17137065468502
2018-12-01,Wild,Low,1.50838040760872
2018-12-01,Wild,Medium,0.98649409397248
2018-12-01,Wild,High,0.68172708004691
2019-01-01,Farmed,Low,0.16230064032301
2019-01-01,Farmed,Medium,0.11792957962863
2019-01-01,Farmed,High,0.14063477807732
2019-01-01,Wild,Low,0.70425486225296
2019-01-01,Wild,Medium,0.57919554060163
2019-01-01,Wild,High,0.6263568280163
2019-02-01,Farmed,Low,0.14813572028727
2019-02-01,Farmed,Medium,0.09906929284426
2019-02-01,Farmed,High,0.12390679493552
2019-02-01,Wild,Low,0.64252630003765
2019-02-01,Wild,Medium,0.55033212137118
2019-02-01,Wild,High,0.56804048366624
2019-03-01,Farmed,Low,0.15433287754288
2019-03-01,Farmed,Medium,0.11030244061899999
2019-03-01,Farmed,High,0.13143257856812
2019-03-01,Wild,Low,0.6920893083388899
2019-03-01,Wild,Medium,0.68319706872319
2019-03-01,Wild,High,0.6321849453987
2019-04-01,Farmed,Low,0.13753337020813
2019-04-01,Farmed,Medium,0.09999792308437
2019-04-01,Farmed,High,0.11450231007037999
2019-04-01,Wild,Low,0.70276956551299
2019-04-01,Wild,Medium,0.6906233194632599
2019-04-01,Wild,High,0.6271867912934099
2019-05-01,Farmed,Low,0.11393592432504
2019-05-01,Farmed,Medium,0.10851529571116
2019-05-01,Farmed,High,0.15042357777713
2019-05-01,Wild,Low,0.6568666968247701
2019-05-01,Wild,Medium,0.6190134534925
2019-05-01,Wild,High,0.60596032508466
2019-06-01,Farmed,Low,0.13862170906594
2019-06-01,Farmed,Medium,0.09783645988423001
2019-06-01,Farmed,High,0.13023742065207
2019-06-01,Wild,Low,0.66709825821741
2019-06-01,Wild,Medium,0.59246148906754
2019-06-01,Wild,High,0.6084602335943899
2019-07-01,Farmed,Low,0.14942082356096
2019-07-01,Farmed,Medium,0.09135217868762
2019-07-01,Farmed,High,0.11452354420506
2019-07-01,Wild,Low,0.676096000891
2019-07-01,Wild,Medium,0.57871920154982
2019-07-01,Wild,High,0.6467637485523
2019-08-01,Farmed,Low,0.15335621269379
2019-08-01,Farmed,Medium,0.08890138576777
2019-08-01,Farmed,High,0.11432142121632999
2019-08-01,Wild,Low,0.66113456855999
2019-08-01,Wild,Medium,0.54143186069875
2019-08-01,Wild,High,0.5898076549789
2019-09-01,Farmed,Low,0.15371442049157
2019-09-01,Farmed,Medium,0.0950594582748
2019-09-01,Farmed,High,0.14981996753569
2019-09-01,Wild,Low,0.66131451087546
2019-09-01,Wild,Medium,0.56542224764823
2019-09-01,Wild,High,0.56092693146801
2019-10-01,Farmed,Low,0.16544527940748
2019-10-01,Farmed,Medium,0.10653298061696
2019-10-01,Farmed,High,0.17450507681256
2019-10-01,Wild,Low,0.71464457335174
2019-10-01,Wild,Medium,0.60982449249279
2019-10-01,Wild,High,0.5690421216919099
2019-11-01,Farmed,Low,0.18050460380951
2019-11-01,Farmed,Medium,0.12438912308002001
2019-11-01,Farmed,High,0.16036354246662
2019-11-01,Wild,Low,0.86074397762971
2019-11-01,Wild,Medium,0.68053321335438
2019-11-01,Wild,High,0.57350687494078
2019-12-01,Farmed,Low,0.27417028845413
2019-12-01,Farmed,Medium,0.12464233265637
2019-12-01,Farmed,High,0.16505531298452
2019-12-01,Wild,Low,1.4226559103285101
2019-12-01,Wild,Medium,0.98967374309523
2019-12-01,Wild,High,0.62262288976869
2020-01-01,Farmed,Low,0.16425762282866
2020-01-01,Farmed,Medium,0.12550849517536
2020-01-01,Farmed,High,0.13464979110206
2020-01-01,Wild,Low,0.6908986908958
2020-01-01,Wild,Medium,0.55397683877352
2020-01-01,Wild,High,0.57925465005192
2020-02-01,Farmed,Low,0.14138648849228
2020-02-01,Farmed,Medium,0.11668110637424
2020-02-01,Farmed,High,0.13617210311896
2020-02-01,Wild,Low,0.62270249616289
2020-02-01,Wild,Medium,0.58384866282215
2020-02-01,Wild,High,0.57992134336205
2020-03-01,Farmed,Low,0.12611381782638
2020-03-01,Farmed,Medium,0.13148024207362
2020-03-01,Farmed,High,0.15282044518876
2020-03-01,Wild,Low,0.61632011023009
2020-03-01,Wild,Medium,0.71490634754425
2020-03-01,Wild,High,0.72230347110293
2020-04-01,Farmed,Low,0.16598996413337
2020-04-01,Farmed,Medium,0.14731569297730002
2020-04-01,Farmed,High,0.19517642344036001
2020-04-01,Wild,Low,0.79556931027675
2020-04-01,Wild,Medium,0.83354162834282
2020-04-01,Wild,High,0.75095267350036
2020-05-01,Farmed,Low,0.15587531862474
2020-05-01,Farmed,Medium,0.14221466541584
2020-05-01,Farmed,High,0.17802283146444
2020-05-01,Wild,Low,0.86153481152862
2020-05-01,Wild,Medium,0.7507259170399601
2020-05-01,Wild,High,0.75300048230834
2020-06-01,Farmed,Low,0.14605071949076
2020-06-01,Farmed,Medium,0.12450871228821
2020-06-01,Farmed,High,0.15357867468605998
2020-06-01,Wild,Low,0.78123050878899
2020-06-01,Wild,Medium,0.6506266799674
2020-06-01,Wild,High,0.68202078136079
2020-07-01,Farmed,Low,0.16827244346097
2020-07-01,Farmed,Medium,0.09475323728901999
2020-07-01,Farmed,High,0.14022624924417
2020-07-01,Wild,Low,0.78195338372
2020-07-01,Wild,Medium,0.60155119415431
2020-07-01,Wild,High,0.68040965387347
2020-08-01,Farmed,Low,0.16124741158878
2020-08-01,Farmed,Medium,0.08908564518295001
2020-08-01,Farmed,High,0.14810167345226
2020-08-01,Wild,Low,0.72551576705211
2020-08-01,Wild,Medium,0.55474329197878
2020-08-01,Wild,High,0.57084940467756
2020-09-01,Farmed,Low,0.16332282853287
2020-09-01,Farmed,Medium,0.11578730830304
2020-09-01,Farmed,High,0.18086265191071998
2020-09-01,Wild,Low,0.78218202965168
2020-09-01,Wild,Medium,0.59435077545079
2020-09-01,Wild,High,0.61658691197168
2020-10-01,Farmed,Low,0.18170532320952
2020-10-01,Farmed,Medium,0.15279218797137
2020-10-01,Farmed,High,0.20950351215677002
2020-10-01,Wild,Low,0.87985957275042
2020-10-01,Wild,Medium,0.64995412152243
2020-10-01,Wild,High,0.65523907690711
2020-11-01,Farmed,Low,0.18802324725222
2020-11-01,Farmed,Medium,0.1383564720429
2020-11-01,Farmed,High,0.1963090859801
2020-11-01,Wild,Low,0.95685148787005
2020-11-01,Wild,Medium,0.6690535787995701
2020-11-01,Wild,High,0.64820851353599
2020-12-01,Farmed,Low,0.30026654238106
2020-12-01,Farmed,Medium,0.15606476116238
2020-12-01,Farmed,High,0.21777789351505
2020-12-01,Wild,Low,1.69763957674664
2020-12-01,Wild,Medium,1.10544297036548
2020-12-01,Wild,High,0.69905138678265
2021-01-01,Farmed,Low,0.17542910460239
2021-01-01,Farmed,Medium,0.13660850394334
2021-01-01,Farmed,High,0.1961003825892
2021-01-01,Wild,Low,0.75053219738816
2021-01-01,Wild,Medium,0.5795081690582
2021-01-01,Wild,High,0.59651544526853
2021-02-01,Farmed,Low,0.1639359727815
2021-02-01,Farmed,Medium,0.12881137281668
2021-02-01,Farmed,High,0.20886623471916999
2021-02-01,Wild,Low,0.7192104264043601
2021-02-01,Wild,Medium,0.62575201529605
2021-02-01,Wild,High,0.60940863173218
2021-03-01,Farmed,Low,0.15239724461988
2021-03-01,Farmed,Medium,0.12114756654135
2021-03-01,Farmed,High,0.18337896340904
2021-03-01,Wild,Low,0.77391373242136
2021-03-01,Wild,Medium,0.73947259001018
2021-03-01,Wild,High,0.67557231497149
2021-04-01,Farmed,Low,0.12969293770843
2021-04-01,Farmed,Medium,0.1299376677048
2021-04-01,Farmed,High,0.15380323060425
2021-04-01,Wild,Low,0.7410803406762201
2021-04-01,Wild,Medium,0.7098231980961
2021-04-01,Wild,High,0.61531736476757
2021-05-01,Farmed,Low,0.11269306875213
2021-05-01,Farmed,Medium,0.12492417225979
2021-05-01,Farmed,High,0.14084808167057
2021-05-01,Wild,Low,0.68223167129678
2021-05-01,Wild,Medium,0.60128684744201
2021-05-01,Wild,High,0.6049134676431001
2021-06-01,Farmed,Low,0.11641422229657
2021-06-01,Farmed,Medium,0.11261618449454999
2021-06-01,Farmed,High,0.14953875192043
2021-06-01,Wild,Low,0.68513312575734
2021-06-01,Wild,Medium,0.5709797640147299
2021-06-01,Wild,High,0.56333969359325
2021-07-01,Farmed,Low,0.15219736869613
2021-07-01,Farmed,Medium,0.0994764386044
2021-07-01,Farmed,High,0.1332207204898
2021-07-01,Wild,Low,0.75173532713022
2021-07-01,Wild,Medium,0.57577751718529
2021-07-01,Wild,High,0.61368849993479
2021-08-01,Farmed,Low,0.1324745922387
2021-08-01,Farmed,Medium,0.09808007042736
2021-08-01,Farmed,High,0.13376809924204
2021-08-01,Wild,Low,0.67577475050271
2021-08-01,Wild,Medium,0.5137517762300899
2021-08-01,Wild,High,0.5452669486159
2021-09-01,Farmed,Low,0.1310035794362
2021-09-01,Farmed,Medium,0.10989599350081
2021-09-01,Farmed,High,0.16807293396981002
2021-09-01,Wild,Low,0.66698032886
2021-09-01,Wild,Medium,0.540219191696
2021-09-01,Wild,High,0.52875022330888
2021-10-01,Farmed,Low,0.15291493349002
2021-10-01,Farmed,Medium,0.11804824586721999
2021-10-01,Farmed,High,0.17821802298605
2021-10-01,Wild,Low,0.74884870061198
2021-10-01,Wild,Medium,0.57928140565277
2021-10-01,Wild,High,0.55549487420624
2021-11-01,Farmed,Low,0.15546763410463
2021-11-01,Farmed,Medium,0.12404223042682
2021-11-01,Farmed,High,0.17060487907079
2021-11-01,Wild,Low,0.85597817085892
2021-11-01,Wild,Medium,0.62045959680819
2021-11-01,Wild,High,0.56840900432909
