date,source,value
1999-01-01,Farmed,0.239710931519667
1999-01-01,Mixed,1.245110669499137
1999-01-01,Wild,0.8730655698523382
1999-02-01,Farmed,0.20804169588825877
1999-02-01,Mixed,0.9980934385083986
1999-02-01,Wild,0.7920642142269282
1999-03-01,Farmed,0.2307357592678232
1999-03-01,Mixed,1.1574834453382012
1999-03-01,Wild,0.9513990848483257
1999-04-01,Farmed,0.16924460160570873
1999-04-01,Mixed,0.9484886449019204
1999-04-01,Wild,0.8202312981480923
1999-05-01,Farmed,0.19111212309745393
1999-05-01,Mixed,1.0135030062811248
1999-05-01,Wild,0.8834502240863211
1999-06-01,Farmed,0.16902380615295892
1999-06-01,Mixed,0.9281393740943501
1999-06-01,Wild,0.887744582863696
1999-07-01,Farmed,0.19620871370712378
1999-07-01,Mixed,1.0739072287802702
1999-07-01,Wild,0.9536283420017979
1999-08-01,Farmed,0.16031679636926752
1999-08-01,Mixed,0.8869025025898717
1999-08-01,Wild,0.8049432806529866
1999-09-01,Farmed,0.19017505817369532
1999-09-01,Mixed,1.0826408041916478
1999-09-01,Wild,0.9297859417726314
1999-10-01,Farmed,0.22427454750012563
1999-10-01,Mixed,1.214576989141746
1999-10-01,Wild,0.951837918943405
1999-11-01,Farmed,0.1974347424867513
1999-11-01,Mixed,1.1891010534290118
1999-11-01,Wild,0.8436183234196579
1999-12-01,Farmed,0.297705952330636
1999-12-01,Mixed,2.1433238640050694
1999-12-01,Wild,0.8566404933684405
2000-01-01,Farmed,0.20980887413355032
2000-01-01,Mixed,1.269599523319638
2000-01-01,Wild,0.7448612357068346
2000-02-01,Farmed,0.20363165069121633
2000-02-01,Mixed,1.1074426291314097
2000-02-01,Wild,0.7999850667620458
2000-03-01,Farmed,0.21879828208558005
2000-03-01,Mixed,1.259577888744081
2000-03-01,Wild,0.9182673644353482
2000-04-01,Farmed,0.19454343894020537
2000-04-01,Mixed,1.2392481382260723
2000-04-01,Wild,0.9000420355353381
2000-05-01,Farmed,0.17717010661834467
2000-05-01,Mixed,1.105392822678677
2000-05-01,Wild,0.8593817897470667
2000-06-01,Farmed,0.1743159677316946
2000-06-01,Mixed,1.0730988754569006
2000-06-01,Wild,0.898445534954313
2000-07-01,Farmed,0.1838716356472321
2000-07-01,Mixed,1.0413786357211683
2000-07-01,Wild,0.9031161245875593
2000-08-01,Farmed,0.16356993746410983
2000-08-01,Mixed,1.0308071257316835
2000-08-01,Wild,0.8344953966906162
2000-09-01,Farmed,0.2020205033158698
2000-09-01,Mixed,1.1320909497174507
2000-09-01,Wild,0.9554995156001742
2000-10-01,Farmed,0.2379183066929474
2000-10-01,Mixed,1.2219170085319169
2000-10-01,Wild,0.943828751284336
2000-11-01,Farmed,0.20804579729846387
2000-11-01,Mixed,1.2377320708884387
2000-11-01,Wild,0.7992380802516579
2000-12-01,Farmed,0.31574342769246727
2000-12-01,Mixed,2.294040010285815
2000-12-01,Wild,0.8081904988417575
2001-01-01,Farmed,0.22629822052155568
2001-01-01,Mixed,1.3545116544414497
2001-01-01,Wild,0.8444697959268305
2001-02-01,Farmed,0.19691802646677825
2001-02-01,Mixed,1.275599088092306
2001-02-01,Wild,0.8732679740463761
2001-03-01,Farmed,0.215933593790407
2001-03-01,Mixed,1.4507322778662075
2001-03-01,Wild,1.0307722074662822
2001-04-01,Farmed,0.20413863078379474
2001-04-01,Mixed,1.4179691779468016
2001-04-01,Wild,0.995770964773871
2001-05-01,Farmed,0.19025399341549915
2001-05-01,Mixed,1.2731712219584104
2001-05-01,Wild,0.9081538511013707
2001-06-01,Farmed,0.18812133485486404
2001-06-01,Mixed,1.1861356301498895
2001-06-01,Wild,0.9475095907760956
2001-07-01,Farmed,0.19271199789578633
2001-07-01,Mixed,1.1490293968869734
2001-07-01,Wild,0.8668628343313122
2001-08-01,Farmed,0.16791653802690334
2001-08-01,Mixed,1.0597741899774091
2001-08-01,Wild,0.7925142511754657
2001-09-01,Farmed,0.2452354775516919
2001-09-01,Mixed,1.3011326904121536
2001-09-01,Wild,0.8772180737086668
2001-10-01,Farmed,0.30689804019736877
2001-10-01,Mixed,1.5973306294980492
2001-10-01,Wild,1.0136963638792578
2001-11-01,Farmed,0.27981503043024863
2001-11-01,Mixed,1.4870437975197686
2001-11-01,Wild,0.8082867347988724
2001-12-01,Farmed,0.3218231916230483
2001-12-01,Mixed,2.4364985468162446
2001-12-01,Wild,0.814776607733709
2002-01-01,Farmed,0.2871325362832066
2002-01-01,Mixed,1.5324442166139893
2002-01-01,Wild,0.8186670756989621
2002-02-01,Farmed,0.2492492269882964
2002-02-01,Mixed,1.3344183608071565
2002-02-01,Wild,0.872874908279943
2002-03-01,Farmed,0.24619809101295523
2002-03-01,Mixed,1.5357176040558012
2002-03-01,Wild,1.0346299051629957
2002-04-01,Farmed,0.2327360198148789
2002-04-01,Mixed,1.3524540201291202
2002-04-01,Wild,0.9693968827503678
2002-05-01,Farmed,0.2459301424266231
2002-05-01,Mixed,1.3473674685887111
2002-05-01,Wild,0.9589929982135876
2002-06-01,Farmed,0.192262262875935
2002-06-01,Mixed,1.2606284477142111
2002-06-01,Wild,0.9148237360214375
2002-07-01,Farmed,0.19570627197638693
2002-07-01,Mixed,1.2090268432967402
2002-07-01,Wild,0.9265754629099493
2002-08-01,Farmed,0.19463312954740097
2002-08-01,Mixed,1.202034146688688
2002-08-01,Wild,0.8481081959397148
2002-09-01,Farmed,0.23764897209522043
2002-09-01,Mixed,1.3244978098704414
2002-09-01,Wild,0.8611403719080334
2002-10-01,Farmed,0.2636760649422588
2002-10-01,Mixed,1.5350136144786946
2002-10-01,Wild,1.0650174885158608
2002-11-01,Farmed,0.27164717421582496
2002-11-01,Mixed,1.5609562948597937
2002-11-01,Wild,0.8489302977366308
2002-12-01,Farmed,0.39368268366600184
2002-12-01,Mixed,2.8006414685910648
2002-12-01,Wild,0.905844259554119
2003-01-01,Farmed,0.32994050624812116
2003-01-01,Mixed,1.3391835754928003
2003-01-01,Wild,0.8688971932781366
2003-02-01,Farmed,0.34999421697994065
2003-02-01,Mixed,1.2083602864045966
2003-02-01,Wild,0.9357880531925518
2003-03-01,Farmed,0.344212454827322
2003-03-01,Mixed,1.3770820835063833
2003-03-01,Wild,1.096201102223724
2003-04-01,Farmed,0.3325960667589138
2003-04-01,Mixed,1.3911594611442526
2003-04-01,Wild,1.0721884816605423
2003-05-01,Farmed,0.30536813435377325
2003-05-01,Mixed,1.2991134281922658
2003-05-01,Wild,1.0341680032110139
2003-06-01,Farmed,0.2894674813669873
2003-06-01,Mixed,1.0972321589014584
2003-06-01,Wild,0.9508298263586636
2003-07-01,Farmed,0.2879923652454313
2003-07-01,Mixed,1.2009665264693292
2003-07-01,Wild,1.0569946277561901
2003-08-01,Farmed,0.2674521391513657
2003-08-01,Mixed,1.188524053900451
2003-08-01,Wild,0.907141116641983
2003-09-01,Farmed,0.3271217724341689
2003-09-01,Mixed,1.3275430717034398
2003-09-01,Wild,0.9974169734523644
2003-10-01,Farmed,0.40531443335961725
2003-10-01,Mixed,1.5967965170875569
2003-10-01,Wild,1.1554935782084645
2003-11-01,Farmed,0.32687308262100173
2003-11-01,Mixed,1.46111467542412
2003-11-01,Wild,0.9381689481876373
2003-12-01,Farmed,0.4524174909340832
2003-12-01,Mixed,2.6316023148002174
2003-12-01,Wild,0.9238771555788636
2004-01-01,Farmed,0.35069285266672556
2004-01-01,Mixed,1.5067743172743546
2004-01-01,Wild,0.9704866583854164
2004-02-01,Farmed,0.2959420954432959
2004-02-01,Mixed,1.3124609569517571
2004-02-01,Wild,1.0529514852171664
2004-03-01,Farmed,0.2922555558895258
2004-03-01,Mixed,1.3744990487266244
2004-03-01,Wild,1.1199584740181838
2004-04-01,Farmed,0.28495297786144774
2004-04-01,Mixed,1.5474836888980035
2004-04-01,Wild,1.1449084725888052
2004-05-01,Farmed,0.26224972484003883
2004-05-01,Mixed,1.3577264608356505
2004-05-01,Wild,1.088487363776631
2004-06-01,Farmed,0.24554668531123727
2004-06-01,Mixed,1.261695892511167
2004-06-01,Wild,1.0381383986124613
2004-07-01,Farmed,0.2358211090352911
2004-07-01,Mixed,1.3202072630576664
2004-07-01,Wild,1.0839309933370638
2004-08-01,Farmed,0.22135100065499677
2004-08-01,Mixed,1.1548298322678525
2004-08-01,Wild,0.883540011242044
2004-09-01,Farmed,0.313223196187823
2004-09-01,Mixed,1.377816886689153
2004-09-01,Wild,0.9997134048709814
2004-10-01,Farmed,0.3406647886511949
2004-10-01,Mixed,1.5942921184331
2004-10-01,Wild,1.0921779523788837
2004-11-01,Farmed,0.30051418571814864
2004-11-01,Mixed,1.5437642805977272
2004-11-01,Wild,0.9315083740777518
2004-12-01,Farmed,0.4007669588927216
2004-12-01,Mixed,2.567867009914148
2004-12-01,Wild,0.9887826412231476
2005-01-01,Farmed,0.32447594067812857
2005-01-01,Mixed,1.4449660220825282
2005-01-01,Wild,0.9696647278815885
2005-02-01,Farmed,0.27646583117025036
2005-02-01,Mixed,1.295806147803522
2005-02-01,Wild,1.125240781245433
2005-03-01,Farmed,0.2841106997069948
2005-03-01,Mixed,1.4655244633000701
2005-03-01,Wild,1.1977073957982916
2005-04-01,Farmed,0.2778967424277824
2005-04-01,Mixed,1.494248569833403
2005-04-01,Wild,1.1686279466905156
2005-05-01,Farmed,0.24259309696202805
2005-05-01,Mixed,1.3346094638501877
2005-05-01,Wild,1.115400793845085
2005-06-01,Farmed,0.2437112509045295
2005-06-01,Mixed,1.28899297171017
2005-06-01,Wild,1.063680414522588
2005-07-01,Farmed,0.22822231720777714
2005-07-01,Mixed,1.3228605863790095
2005-07-01,Wild,1.085759591643199
2005-08-01,Farmed,0.23419868131835397
2005-08-01,Mixed,1.2620614020798735
2005-08-01,Wild,0.9621238790768522
2005-09-01,Farmed,0.2862199499327665
2005-09-01,Mixed,1.4720197625390086
2005-09-01,Wild,1.0800608461909789
2005-10-01,Farmed,0.35972420203601285
2005-10-01,Mixed,1.6102494202354354
2005-10-01,Wild,1.1876616959972834
2005-11-01,Farmed,0.273271936714302
2005-11-01,Mixed,1.5422018989953976
2005-11-01,Wild,0.963160353095562
2005-12-01,Farmed,0.36887724033370456
2005-12-01,Mixed,2.6192131286584925
2005-12-01,Wild,1.0320791268560425
2006-01-01,Farmed,0.31227722177963757
2006-01-01,Mixed,1.5076752392667327
2006-01-01,Wild,1.0045376432213968
2006-02-01,Farmed,0.28103557730021234
2006-02-01,Mixed,1.3405736147966218
2006-02-01,Wild,1.0314531036975236
2006-03-01,Farmed,0.3219303978503053
2006-03-01,Mixed,1.508539791364042
2006-03-01,Wild,1.159246593515243
2006-04-01,Farmed,0.25470645112661655
2006-04-01,Mixed,1.4831537299386197
2006-04-01,Wild,1.1191145324976757
2006-05-01,Farmed,0.25553380100854517
2006-05-01,Mixed,1.347041550880477
2006-05-01,Wild,1.0670547108788748
2006-06-01,Farmed,0.22772571559773627
2006-06-01,Mixed,1.3746524417263242
2006-06-01,Wild,1.0398121904356297
2006-07-01,Farmed,0.21351697990133192
2006-07-01,Mixed,1.2896844076728313
2006-07-01,Wild,1.006581254488373
2006-08-01,Farmed,0.22015883063622974
2006-08-01,Mixed,1.27766170154032
2006-08-01,Wild,0.9251161627763533
2006-09-01,Farmed,0.2622753901981748
2006-09-01,Mixed,1.4837996334326493
2006-09-01,Wild,1.036126660534007
2006-10-01,Farmed,0.34868381186679914
2006-10-01,Mixed,1.6635130371512048
2006-10-01,Wild,1.138206116021385
2006-11-01,Farmed,0.2922763522063824
2006-11-01,Mixed,1.632148830772029
2006-11-01,Wild,0.9526040352535496
2006-12-01,Farmed,0.4042981568128158
2006-12-01,Mixed,2.760186417334224
2006-12-01,Wild,0.9900205627827897
2007-01-01,Farmed,0.33520102295992543
2007-01-01,Mixed,1.632018623768585
2007-01-01,Wild,1.1540580642750708
2007-02-01,Farmed,0.28027868627550245
2007-02-01,Mixed,1.328559045740633
2007-02-01,Wild,1.13016577231467
2007-03-01,Farmed,0.33119387923740495
2007-03-01,Mixed,1.6339417569921586
2007-03-01,Wild,1.3560237990917665
2007-04-01,Farmed,0.25902585713389475
2007-04-01,Mixed,1.3805967946212243
2007-04-01,Wild,1.165098547376361
2007-05-01,Farmed,0.2573944540113455
2007-05-01,Mixed,1.3760350948310882
2007-05-01,Wild,1.197641689928508
2007-06-01,Farmed,0.26788082917113526
2007-06-01,Mixed,1.4347794991524354
2007-06-01,Wild,1.2090323835888621
2007-07-01,Farmed,0.23267940250335511
2007-07-01,Mixed,1.3172772467262834
2007-07-01,Wild,1.1472198838194902
2007-08-01,Farmed,0.22582800232737488
2007-08-01,Mixed,1.2861472698785614
2007-08-01,Wild,1.0406236766600552
2007-09-01,Farmed,0.28493382036066717
2007-09-01,Mixed,1.446772250248621
2007-09-01,Wild,1.1456348617498686
2007-10-01,Farmed,0.3464570547226485
2007-10-01,Mixed,1.6616917426156455
2007-10-01,Wild,1.2869581540840973
2007-11-01,Farmed,0.32780492549086493
2007-11-01,Mixed,1.8217269890180425
2007-11-01,Wild,1.1350407122593626
2007-12-01,Farmed,0.4193470079978185
2007-12-01,Mixed,2.7265032504091047
2007-12-01,Wild,1.0728603009493756
2008-01-01,Farmed,0.39730292804465567
2008-01-01,Mixed,1.7487433903721505
2008-01-01,Wild,1.2155647887329135
2008-02-01,Farmed,0.3441769577974854
2008-02-01,Mixed,1.5005948907844264
2008-02-01,Wild,1.3014069517421891
2008-03-01,Farmed,0.33264850544533997
2008-03-01,Mixed,1.6733733840134761
2008-03-01,Wild,1.3729628864942942
2008-04-01,Farmed,0.35027746472173876
2008-04-01,Mixed,1.542164119118546
2008-04-01,Wild,1.2864686947344754
2008-05-01,Farmed,0.33144368954904296
2008-05-01,Mixed,1.595021338537116
2008-05-01,Wild,1.3086985860655274
2008-06-01,Farmed,0.2922927623890853
2008-06-01,Mixed,1.301319573501651
2008-06-01,Wild,1.1514179812385517
2008-07-01,Farmed,0.2784447941843264
2008-07-01,Mixed,1.3892469509195908
2008-07-01,Wild,1.2389374414395666
2008-08-01,Farmed,0.2717677733858177
2008-08-01,Mixed,1.3825628577308557
2008-08-01,Wild,1.0613449318825938
2008-09-01,Farmed,0.31949682546544345
2008-09-01,Mixed,1.4831546046279365
2008-09-01,Wild,1.1931443991489916
2008-10-01,Farmed,0.3952460031968969
2008-10-01,Mixed,1.7073961438344898
2008-10-01,Wild,1.3349727438979342
2008-11-01,Farmed,0.3820886196764953
2008-11-01,Mixed,1.7716002148755228
2008-11-01,Wild,1.1667456759919532
2008-12-01,Farmed,0.5168041931323397
2008-12-01,Mixed,3.128872205157051
2008-12-01,Wild,1.2346851097805853
2009-01-01,Farmed,0.4038800604196773
2009-01-01,Mixed,1.689554997494172
2009-01-01,Wild,1.1990517302994463
2009-02-01,Farmed,0.3348034560449219
2009-02-01,Mixed,1.3765788211514356
2009-02-01,Wild,1.228855929360133
2009-03-01,Farmed,0.3492970948481758
2009-03-01,Mixed,1.608329156793255
2009-03-01,Wild,1.4137275415544504
2009-04-01,Farmed,0.34414820257323625
2009-04-01,Mixed,1.6330324263498917
2009-04-01,Wild,1.3555236088306528
2009-05-01,Farmed,0.30046810743436386
2009-05-01,Mixed,1.4388484869075835
2009-05-01,Wild,1.237634004632382
2009-06-01,Farmed,0.2936260849370501
2009-06-01,Mixed,1.4159453756083615
2009-06-01,Wild,1.2474210744922334
2009-07-01,Farmed,0.2816715863426945
2009-07-01,Mixed,1.446844946654225
2009-07-01,Wild,1.234027470721326
2009-08-01,Farmed,0.23474623242349432
2009-08-01,Mixed,1.2236013413493443
2009-08-01,Wild,0.9884654114123724
2009-09-01,Farmed,0.3201110826122877
2009-09-01,Mixed,1.4298048399965202
2009-09-01,Wild,1.2010641682280205
2009-10-01,Farmed,0.37942792926061497
2009-10-01,Mixed,1.7181270418527008
2009-10-01,Wild,1.3151822554653698
2009-11-01,Farmed,0.368177772838767
2009-11-01,Mixed,1.7942039902786786
2009-11-01,Wild,1.2254336968372175
2009-12-01,Farmed,0.5130584263551332
2009-12-01,Mixed,3.268334424372293
2009-12-01,Wild,1.299975392494999
2010-01-01,Farmed,0.40520632365777115
2010-01-01,Mixed,1.6920155461819828
2010-01-01,Wild,1.2345320141870917
2010-02-01,Farmed,0.30610539054274466
2010-02-01,Mixed,1.2723004136777494
2010-02-01,Wild,1.1632581709993286
2010-03-01,Farmed,0.3211296811498733
2010-03-01,Mixed,1.5177293778708927
2010-03-01,Wild,1.3492933180210152
2010-04-01,Farmed,0.26074321329064676
2010-04-01,Mixed,1.3463778419987997
2010-04-01,Wild,1.1396907715673026
2010-05-01,Farmed,0.26716213671833816
2010-05-01,Mixed,1.218517032071182
2010-05-01,Wild,1.139600213960699
2010-06-01,Farmed,0.2467461855334274
2010-06-01,Mixed,1.2345947079147404
2010-06-01,Wild,1.1491446809355397
2010-07-01,Farmed,0.23406289613162284
2010-07-01,Mixed,1.2691737816978286
2010-07-01,Wild,1.202001370880301
2010-08-01,Farmed,0.2283151003509479
2010-08-01,Mixed,1.2134027041636235
2010-08-01,Wild,1.0290737843548188
2010-09-01,Farmed,0.24336159498661877
2010-09-01,Mixed,1.2275092282576736
2010-09-01,Wild,1.1578541022879496
2010-10-01,Farmed,0.30564062974923834
2010-10-01,Mixed,1.441202975813568
2010-10-01,Wild,1.1761188749429166
2010-11-01,Farmed,0.3249566107750917
2010-11-01,Mixed,1.5159021169338003
2010-11-01,Wild,1.1309545747687098
2010-12-01,Farmed,0.41245223830538313
2010-12-01,Mixed,2.668471660428701
2010-12-01,Wild,1.1390211677261666
2011-01-01,Farmed,0.321517142920748
2011-01-01,Mixed,1.4425802561218115
2011-01-01,Wild,1.1296050470323435
2011-02-01,Farmed,0.2726519554998399
2011-02-01,Mixed,1.1659042343398036
2011-02-01,Wild,1.0894894689093517
2011-03-01,Farmed,0.2934378072413273
2011-03-01,Mixed,1.330749087555299
2011-03-01,Wild,1.2599929882761012
2011-04-01,Farmed,0.24979915538369843
2011-04-01,Mixed,1.3448293970262033
2011-04-01,Wild,1.2156938281924758
2011-05-01,Farmed,0.27426062317529554
2011-05-01,Mixed,1.256927977323069
2011-05-01,Wild,1.1855961397617587
2011-06-01,Farmed,0.2649834353834374
2011-06-01,Mixed,1.1685545481123438
2011-06-01,Wild,1.1481138778390116
2011-07-01,Farmed,0.26157912673727535
2011-07-01,Mixed,1.2562803262350908
2011-07-01,Wild,1.1362909767195088
2011-08-01,Farmed,0.2562752304282921
2011-08-01,Mixed,1.1942051922118466
2011-08-01,Wild,1.0523465046797345
2011-09-01,Farmed,0.2797628244943932
2011-09-01,Mixed,1.2763250402409747
2011-09-01,Wild,1.123531029947817
2011-10-01,Farmed,0.33495459549073187
2011-10-01,Mixed,1.373272655086823
2011-10-01,Wild,1.1410047521852067
2011-11-01,Farmed,0.3656088454553305
2011-11-01,Mixed,1.591299643251102
2011-11-01,Wild,1.104706654465714
2011-12-01,Farmed,0.4470524951917278
2011-12-01,Mixed,2.6103411483585104
2011-12-01,Wild,1.0742289177518765
2012-01-01,Farmed,0.32476803706726004
2012-01-01,Mixed,1.3924021776009166
2012-01-01,Wild,1.0907111066035104
2012-02-01,Farmed,0.3151239998797334
2012-02-01,Mixed,1.2112668895711367
2012-02-01,Wild,1.0799177035309095
2012-03-01,Farmed,0.32357786272394323
2012-03-01,Mixed,1.3360205170810573
2012-03-01,Wild,1.175799563900546
2012-04-01,Farmed,0.2956568458342017
2012-04-01,Mixed,1.2466606297771308
2012-04-01,Wild,1.0819197057137306
2012-05-01,Farmed,0.30330995121853666
2012-05-01,Mixed,1.203952841696242
2012-05-01,Wild,1.0720310348430167
2012-06-01,Farmed,0.30289926184090493
2012-06-01,Mixed,1.2437521588622853
2012-06-01,Wild,1.0924148597351333
2012-07-01,Farmed,0.29304315091027805
2012-07-01,Mixed,1.1874160822585478
2012-07-01,Wild,1.069894885707037
2012-08-01,Farmed,0.2660346806080438
2012-08-01,Mixed,1.1872524142930434
2012-08-01,Wild,1.0151954887583432
2012-09-01,Farmed,0.3021338861825913
2012-09-01,Mixed,1.199874166534667
2012-09-01,Wild,1.0645209761287977
2012-10-01,Farmed,0.35703059636821266
2012-10-01,Mixed,1.3282391255327792
2012-10-01,Wild,1.1085776139943606
2012-11-01,Farmed,0.3809888514830891
2012-11-01,Mixed,1.6221162450418212
2012-11-01,Wild,1.1342993154643533
2012-12-01,Farmed,0.4795701479522117
2012-12-01,Mixed,2.5854257327412618
2012-12-01,Wild,1.0634056896476816
2013-01-01,Farmed,0.3635932781729
2013-01-01,Mixed,1.5353077333229301
2013-01-01,Wild,1.14000203668752
2013-02-01,Farmed,0.29611491482932
2013-02-01,Mixed,1.24744022831474
2013-02-01,Wild,1.07186291523048
2013-03-01,Farmed,0.2877742020063
2013-03-01,Mixed,1.42177797377732
2013-03-01,Wild,1.37174766840982
2013-04-01,Farmed,0.25145450754292
2013-04-01,Mixed,1.28165671377914
2013-04-01,Wild,1.26615850379035
2013-05-01,Farmed,0.26063954530523
2013-05-01,Mixed,1.26052582017771
2013-05-01,Wild,1.19473901154629
2013-06-01,Farmed,0.30404627420208
2013-06-01,Mixed,1.23679542471401
2013-06-01,Wild,1.16938268661043
2013-07-01,Farmed,0.26025639050756
2013-07-01,Mixed,1.22438343152943
2013-07-01,Wild,1.19605552350894
2013-08-01,Farmed,0.22124030359578
2013-08-01,Mixed,1.2022601055170001
2013-08-01,Wild,1.06613058774881
2013-09-01,Farmed,0.30814036108171
2013-09-01,Mixed,1.29023761672786
2013-09-01,Wild,1.1450120894523
2013-10-01,Farmed,0.34346800035656
2013-10-01,Mixed,1.3052752252765
2013-10-01,Wild,1.14871532906354
2013-11-01,Farmed,0.33370569528627
2013-11-01,Mixed,1.50612605281524
2013-11-01,Wild,1.08309595250405
2013-12-01,Farmed,0.45687675178445
2013-12-01,Mixed,2.62259618784524
2013-12-01,Wild,1.1215356231747
2014-01-01,Farmed,0.34960026480451
2014-01-01,Mixed,1.42215651202733
2014-01-01,Wild,1.09223480582561
2014-02-01,Farmed,0.28368036265687
2014-02-01,Mixed,1.1521974942666
2014-02-01,Wild,1.06705985782601
2014-03-01,Farmed,0.32170115876752
2014-03-01,Mixed,1.28248719131875
2014-03-01,Wild,1.26408962198331
2014-04-01,Farmed,0.27395197132926
2014-04-01,Mixed,1.22946709955101
2014-04-01,Wild,1.24894921893302
2014-05-01,Farmed,0.31038094476001
2014-05-01,Mixed,1.23524986193689
2014-05-01,Wild,1.19610540872883
2014-06-01,Farmed,0.27948861513648
2014-06-01,Mixed,1.1357781724612601
2014-06-01,Wild,1.1167301934126501
2014-07-01,Farmed,0.29710643209683
2014-07-01,Mixed,1.20141819335983
2014-07-01,Wild,1.15270374982569
2014-08-01,Farmed,0.2921133469815
2014-08-01,Mixed,1.12554936097942
2014-08-01,Wild,0.97997454609389
2014-09-01,Farmed,0.32132280960719
2014-09-01,Mixed,1.22855209816597
2014-09-01,Wild,1.09329666701859
2014-10-01,Farmed,0.38248170183018
2014-10-01,Mixed,1.28478032739594
2014-10-01,Wild,1.06845530642781
2014-11-01,Farmed,0.35704886918213
2014-11-01,Mixed,1.43676443934926
2014-11-01,Wild,1.02614956676118
2014-12-01,Farmed,0.47514017745105
2014-12-01,Mixed,2.5973422772659
2014-12-01,Wild,1.07804730138584
2015-01-01,Farmed,0.38329336690272
2015-01-01,Mixed,1.35306743662569
2015-01-01,Wild,1.07607003940199
2015-02-01,Farmed,0.33269197971410003
2015-02-01,Mixed,1.0752674128576
2015-02-01,Wild,1.01133961503692
2015-03-01,Farmed,0.33089556887716
2015-03-01,Mixed,1.20236095743969
2015-03-01,Wild,1.22168716803413
2015-04-01,Farmed,0.32674544718679
2015-04-01,Mixed,1.12718192420396
2015-04-01,Wild,1.14656162299655
2015-05-01,Farmed,0.29998660597210003
2015-05-01,Mixed,1.12411461517206
2015-05-01,Wild,1.15553494103332
2015-06-01,Farmed,0.30917181824404
2015-06-01,Mixed,1.13118013232771
2015-06-01,Wild,1.07488172915498
2015-07-01,Farmed,0.29214191861958
2015-07-01,Mixed,1.1216605715732
2015-07-01,Wild,1.10418288221723
2015-08-01,Farmed,0.28666743062174
2015-08-01,Mixed,1.06775998017864
2015-08-01,Wild,0.96222897075367
2015-09-01,Farmed,0.33137246136232
2015-09-01,Mixed,1.15583507114698
2015-09-01,Wild,1.06447459832465
2015-10-01,Farmed,0.40584835876993
2015-10-01,Mixed,1.29322162051444
2015-10-01,Wild,1.08244312935348
2015-11-01,Farmed,0.40004219709172
2015-11-01,Mixed,1.43210667841148
2015-11-01,Wild,0.99904177744569
2015-12-01,Farmed,0.48194757328254
2015-12-01,Mixed,2.6271081885995202
2015-12-01,Wild,1.05836266743466
2016-01-01,Farmed,0.39825343742805996
2016-01-01,Mixed,1.25214112420775
2016-01-01,Wild,0.94743070658446
2016-02-01,Farmed,0.3407200769624
2016-02-01,Mixed,1.11557007664699
2016-02-01,Wild,1.09727314588291
2016-03-01,Farmed,0.32102527112767
2016-03-01,Mixed,1.2423916974183
2016-03-01,Wild,1.26085083171624
2016-04-01,Farmed,0.31473842937738
2016-04-01,Mixed,1.13971987266528
2016-04-01,Wild,1.22351939741156
2016-05-01,Farmed,0.26925949441916
2016-05-01,Mixed,1.02459224605396
2016-05-01,Wild,1.08303047404073
2016-06-01,Farmed,0.26887186210236
2016-06-01,Mixed,1.07645861256288
2016-06-01,Wild,1.13474356274564
2016-07-01,Farmed,0.29113748398987
2016-07-01,Mixed,1.09352105533436
2016-07-01,Wild,1.07048383462242
2016-08-01,Farmed,0.28940535976596
2016-08-01,Mixed,1.01552995945748
2016-08-01,Wild,0.9343925064313899
2016-09-01,Farmed,0.3248158743487
2016-09-01,Mixed,1.12877096031236
2016-09-01,Wild,1.02954283760655
2016-10-01,Farmed,0.36546873968223
2016-10-01,Mixed,1.27365697519324
2016-10-01,Wild,1.0660149627670499
2016-11-01,Farmed,0.3498955274488
2016-11-01,Mixed,1.43792419063254
2016-11-01,Wild,1.0029365056314299
2016-12-01,Farmed,0.45000327534617
2016-12-01,Mixed,2.53321752387919
2016-12-01,Wild,1.02797206997229
2017-01-01,Farmed,0.33378787867228
2017-01-01,Mixed,1.16760868058508
2017-01-01,Wild,0.90265326760248
2017-02-01,Farmed,0.30863319687134
2017-02-01,Mixed,0.95009777942296
2017-02-01,Wild,0.97057231480897
2017-03-01,Farmed,0.33292460842764
2017-03-01,Mixed,1.1306050898562
2017-03-01,Wild,1.21117725815377
2017-04-01,Farmed,0.28718665280143
2017-04-01,Mixed,1.01400982504263
2017-04-01,Wild,1.06968227243084
2017-05-01,Farmed,0.27332632434051
2017-05-01,Mixed,0.93290249618849
2017-05-01,Wild,1.00358834805299
2017-06-01,Farmed,0.26958241041961
2017-06-01,Mixed,1.00420359383479
2017-06-01,Wild,1.06375334870583
2017-07-01,Farmed,0.29787899494862
2017-07-01,Mixed,1.06053787793244
2017-07-01,Wild,1.02786891586333
2017-08-01,Farmed,0.27159042930348
2017-08-01,Mixed,0.99417361786827
2017-08-01,Wild,0.90181792670381
2017-09-01,Farmed,0.35857941343873
2017-09-01,Mixed,1.11757531394252
2017-09-01,Wild,1.00478255351349
2017-10-01,Farmed,0.33238491274413
2017-10-01,Mixed,1.11311260362354
2017-10-01,Wild,0.93993377899314
2017-11-01,Farmed,0.34541874809823997
2017-11-01,Mixed,1.31757498473856
2017-11-01,Wild,0.91064684201726
2017-12-01,Farmed,0.45072611816520997
2017-12-01,Mixed,2.37238039712227
2017-12-01,Wild,0.92253164847402
2018-01-01,Farmed,0.36523030344359
2018-01-01,Mixed,1.11144847239897
2018-01-01,Wild,0.92161267096562
2018-02-01,Farmed,0.2999694568553
2018-02-01,Mixed,0.90030515488587
2018-02-01,Wild,0.9565336796878701
2018-03-01,Farmed,0.32560788811825
2018-03-01,Mixed,1.09081350035048
2018-03-01,Wild,1.13115655212131
2018-04-01,Farmed,0.28636776711322
2018-04-01,Mixed,0.96078373150466
2018-04-01,Wild,1.00638062039949
2018-05-01,Farmed,0.27796301272574
2018-05-01,Mixed,0.97108257392085
2018-05-01,Wild,1.02202828681524
2018-06-01,Farmed,0.29635342379833
2018-06-01,Mixed,1.01601372563489
2018-06-01,Wild,1.0277845628441
2018-07-01,Farmed,0.2745489078777
2018-07-01,Mixed,1.01105873948141
2018-07-01,Wild,1.00145889247871
2018-08-01,Farmed,0.2713498640361
2018-08-01,Mixed,0.93611123040869
2018-08-01,Wild,0.87647993947582
2018-09-01,Farmed,0.32137967841660003
2018-09-01,Mixed,0.97623204329599
2018-09-01,Wild,0.90917040887493
2018-10-01,Farmed,0.36406262143185003
2018-10-01,Mixed,1.08330621093687
2018-10-01,Wild,0.91205493296846
2018-11-01,Farmed,0.37677365283147
2018-11-01,Mixed,1.32474634450325
2018-11-01,Wild,0.85800627368948
2018-12-01,Farmed,0.46837588258794
2018-12-01,Mixed,2.34204344174223
2018-12-01,Wild,0.9114766213123899
2019-01-01,Farmed,0.36232201046801
2019-01-01,Mixed,1.05361473294888
2019-01-01,Wild,0.89286452187604
2019-02-01,Farmed,0.31755139954488
2019-02-01,Mixed,0.91260040902319
2019-02-01,Wild,0.88152952093401
2019-03-01,Farmed,0.32995249627426
2019-03-01,Mixed,1.02233058815119
2019-03-01,Wild,1.02517203611824
2019-04-01,Farmed,0.28810392518472
2019-04-01,Mixed,1.03797304575207
2019-04-01,Wild,1.0214558773933
2019-05-01,Farmed,0.32027263369099
2019-05-01,Mixed,0.95840640647889
2019-05-01,Wild,0.95100343436895
2019-06-01,Farmed,0.30089485166154
2019-06-01,Mixed,0.98732247383186
2019-06-01,Wild,0.91890395143996
2019-07-01,Farmed,0.28793032973777
2019-07-01,Mixed,0.9751992207901
2019-07-01,Wild,0.96545338118764
2019-08-01,Farmed,0.29225644104143
2019-08-01,Mixed,0.9842766240983
2019-08-01,Wild,0.84688634954004
2019-09-01,Farmed,0.33490960725144
2019-09-01,Mixed,0.99658589531465
2019-09-01,Wild,0.83153634793749
2019-10-01,Farmed,0.38368026552938
2019-10-01,Mixed,1.07501853280093
2019-10-01,Wild,0.85570358548295
2019-11-01,Farmed,0.39408165095771003
2019-11-01,Mixed,1.33629954756307
2019-11-01,Wild,0.82417486065779
2019-12-01,Farmed,0.44958745811816
2019-12-01,Mixed,2.29826749500812
2019-12-01,Wild,0.82168054339884
2020-01-01,Farmed,0.35914345617061
2020-01-01,Mixed,1.06934767933791
2020-01-01,Wild,0.7962842678391
2020-02-01,Farmed,0.33320564030545
2020-02-01,Mixed,0.9364920196183
2020-02-01,Wild,0.8885295588942
2020-03-01,Farmed,0.34336435105611
2020-03-01,Mixed,0.98377550832355
2020-03-01,Wild,1.1046089181628
2020-04-01,Farmed,0.43104873298447
2020-04-01,Mixed,1.25532260578901
2020-04-01,Wild,1.1677428720783
2020-05-01,Farmed,0.40286053189734
2020-05-01,Mixed,1.24232121533802
2020-05-01,Wild,1.16189009880284
2020-06-01,Farmed,0.35387342587055
2020-06-01,Mixed,1.13080187607715
2020-06-01,Wild,1.02218398570266
2020-07-01,Farmed,0.33638156445037
2020-07-01,Mixed,1.07733350994036
2020-07-01,Wild,1.02306346699885
2020-08-01,Farmed,0.33815799941833
2020-08-01,Mixed,1.03476063516888
2020-08-01,Wild,0.851034352501
2020-09-01,Farmed,0.39674205715415
2020-09-01,Mixed,1.08145920167791
2020-09-01,Wild,0.94828220162003
2020-10-01,Farmed,0.46545220526626
2020-10-01,Mixed,1.26392976419888
2020-10-01,Wild,0.96917969069388
2020-11-01,Farmed,0.45376666112158
2020-11-01,Mixed,1.36897523761988
2020-11-01,Wild,0.9463601005803
2020-12-01,Farmed,0.55745867703695
2020-12-01,Mixed,2.66755735733549
2020-12-01,Wild,0.91567580947783
2021-01-01,Farmed,0.44143959959795
2021-01-01,Mixed,1.1598518643965101
2021-01-01,Wild,0.80740078594519
2021-02-01,Farmed,0.43876732884502
2021-02-01,Mixed,1.1143666747854901
2021-02-01,Wild,0.87895581620715
2021-03-01,Farmed,0.39258869499237997
2021-03-01,Mixed,1.17549287065039
2021-03-01,Wild,1.05244593953409
2021-04-01,Farmed,0.34777703306137003
2021-04-01,Mixed,1.14507530245941
2021-04-01,Wild,0.96077140395058
2021-05-01,Farmed,0.31772805575543
2021-05-01,Mixed,1.01155369516883
2021-05-01,Wild,0.9118703841736701
2021-06-01,Farmed,0.32532513720049
2021-06-01,Mixed,1.00089049243275
2021-06-01,Wild,0.8483806565468199
2021-07-01,Farmed,0.32033838770004
2021-07-01,Mixed,1.0666269447341399
2021-07-01,Wild,0.91258554654172
2021-08-01,Farmed,0.30927663882553
2021-08-01,Mixed,0.95374158726716
2021-08-01,Wild,0.81486055410425
2021-09-01,Farmed,0.35263911281835003
2021-09-01,Mixed,0.96701840501549
2021-09-01,Wild,0.8036160858286799
2021-10-01,Farmed,0.38052893565198
2021-10-01,Mixed,1.10317724646682
2021-10-01,Wild,0.82485901620628
2021-11-01,Farmed,0.38646731488624
2021-11-01,Mixed,1.27356535753074
2021-11-01,Wild,0.81019191538055
